"Title","desc","symb","url","Latitude","Longitude"
"_DSF6861.jpeg",,"photography","https://drive.google.com/open?id=1R85hyNYVL0EmzJSCxh91hIG8lySz8aLIyQ","61.658250","28.991588"
"_DSF6862.jpeg",,"photography","https://drive.google.com/open?id=1T6iemZSR2C2-JetfjSOY32yu1EDjSamxYw","61.659065","28.995022"
"_DSF6863.jpeg",,"photography","https://drive.google.com/open?id=1tNxl_awMBMRHuEZmIaM3hesR9w9aY15qrQ","61.659553","28.990902"
"_DSF6865.jpeg",,"photography","https://drive.google.com/open?id=1aK5oWcsB1G_AO7YupYwyqb0jKOxtYqvPPg","61.655805","28.990558"
"_DSF6868.jpeg",,"photography","https://drive.google.com/open?id=1KELmNFj2XQrSEXpxkkyM6e-kr3YccdZnEg","61.660613","28.987640"
"_DSF6869.jpeg",,"photography","https://drive.google.com/open?id=1i6NpyofOCns8iyoN2ybBtNfqOytPNrfqLw","61.682016","28.973907"
"_DSF6875.jpeg",,"photography","https://drive.google.com/open?id=1mAACHk4pAv3KDi6rAs9GydWUXZNV6AVTRw","61.655153","29.026521"
"_DSF6877.jpeg",,"photography","https://drive.google.com/open?id=1R2tqTjvcpnpPfqk5vP4wWUN9MudBzGWc3w","61.679033","28.978606"
"_DSF6878 - _DSF6880.jpg",,"photography","https://drive.google.com/open?id=18d76rqTH6hNMd2ePwtvFjyS-Id4Ol-uY4Q","61.679593","28.978242"
"_DSF6928.jpeg",,"photography","https://drive.google.com/open?id=1xGpLiN4tINie-TlDgqIcfYmJhAq7rz3xeg","61.638634","29.169708"
"_DSF6930.jpeg",,"photography","https://drive.google.com/open?id=1gkaz6ut3xmiIN7EbIfZCht-VWHHdU33wKw","61.638920","29.170095"
"_DSF6932.jpeg",,"photography","https://drive.google.com/open?id=1QkjUirpklsXRMRcA1Kb3_iup__JQXugGkg","61.638542","29.169730"
"_DSF6933.jpeg",,"photography","https://drive.google.com/open?id=1hY4nSXeDg8_6V4s1V3BvPgybXzmSX6rPkw","61.638114","29.169730"
"_DSF6944 - _DSF6946.jpg",,"photography","https://drive.google.com/open?id=1Ced2UnVt9fldDYIdr39ALOLV1M9tMPDrUg","61.706924","28.785380"
"_DSF6947.jpeg",,"photography","https://drive.google.com/open?id=1F_IAwwYS7kDBamH0AB8_1_hf7bUOKfqbZw","61.653910","28.993348"
"_DSF6950 - _DSF6952.jpg",,"photography","https://drive.google.com/open?id=1-m6ZlviWbqUkayaF0sBBhPOdwfpW9NLuug","61.620638","28.547028"
"_DSF6956.jpeg",,"photography","https://drive.google.com/open?id=1vSaiR5uTYrKnpgu49Hq5yQU2SbCpHhm_Aw","61.620393","28.546599"
"_DSF6957.jpeg",,"photography","https://drive.google.com/open?id=1pNuNPr4lTo0NgljQpfM638oGyqHp9lLeYw","61.620801","28.547243"
"_DSF6964 - _DSF6966.jpg",,"photography","https://drive.google.com/open?id=1RAizUZpoYtl-xL8Rv8XbgCo5DgIrSDddWA","61.619659","28.547629"
"_DSF6967.jpeg",,"photography","https://drive.google.com/open?id=1sch2YjbwkbVUvJe6l4g-81hzAZhHVRKxtg","61.620210","28.547329"
"_DSF6968.jpeg",,"photography","https://drive.google.com/open?id=1LXHMbV5l-_KCP9GBMfs8uoEaV-dy__Cf2w","61.620740","28.547586"
"_DSF6969 - _DSF6972.jpg",,"photography","https://drive.google.com/open?id=1u6RRcWBaVxypviY5PwxGKqXoaBba2bpqyw","61.626247","28.255118"
"_DSF6974.jpeg",,"photography","https://drive.google.com/open?id=1Wvc__-Zc45EiYv17gZ50s5MZsVwzKSH0TA","61.505093","28.140963"
"_DSF6975.jpeg",,"photography","https://drive.google.com/open?id=1e4HubsSUr4NiU9DKTEedT4CAoboUtR55_w","61.352084","28.110408"
"_DSF6977.jpeg",,"photography","https://drive.google.com/open?id=17bwttZ8kuL2NfFEGA-5PMquVNkuPHz2_PA","61.350860","28.104871"
"_DSF6978 - _DSF6981.jpg",,"photography","https://drive.google.com/open?id=1gNtC48BiVKcjdYqHt1htufwUJ9RXlMxXSQ","61.351611","28.112467"
"_DSF6984.jpeg",,"photography","https://drive.google.com/open?id=1GCPpNO4OvnS461wHBiAGxaBLLUwdwg5YBw","61.350644","28.113326"
"_DSF6995 - _DSF6997.jpg",,"photography","https://drive.google.com/open?id=1brbSBd80XR7xAHcILD2jwRjX5FXPyPdLzw","61.350818","28.104700"
"_DSF7012.jpeg",,"photography","https://drive.google.com/open?id=1p02_QQzmiEri1GkExLz3-Sqxbbh91729tg","61.461330","28.120407"
"_DSF7015 - _DSF7017.jpg",,"photography","https://drive.google.com/open?id=1h8mz9mIKP1fSMYFNLUH4kvn5UKsSKEiYfw","61.461360","28.120128"
"_DSF7018.jpeg",,"photography","https://drive.google.com/open?id=1DqLMQpn0jS440_-5cGECrVbibNK7feF6Fg","61.461160","28.121608"
"_DSF7020 - _DSF7022.jpg",,"photography","https://drive.google.com/open?id=1Tmig3o-Hj1oXkEQWErGycu1cpFJZpPNMMA","61.461253","28.121855"
"_DSF7023.jpeg",,"photography","https://drive.google.com/open?id=1XdMym7qauVBz9W_fN_UMkHFk4D8M_Av8zQ","61.461171","28.124237"
"_DSF7028 - _DSF7029.jpg",,"photography","https://drive.google.com/open?id=1mu2hzYKFRj2QfrwDkOd5Qa4u7MBUHWaPIg","61.460735","28.123411"
"_DSF7030 - _DSF7032.jpg",,"photography","https://drive.google.com/open?id=1-HzJR54WBI2te7E7_oq0i8gKI-K3C8qaCw","61.460735","28.123625"
"_DSF7034 - _DSF7036.jpg",,"photography","https://drive.google.com/open?id=1bUjsLUuXTMwLBfn3BXLYppnNMNQAkYNN6w","61.460735","28.122939"
"_DSF7041.jpeg",,"photography","https://drive.google.com/open?id=1eZ9bQ0ykBdfVJh8ij52zV4nS_DsR5HPbyQ","61.463995","28.114828"
"_DSF7046.jpeg",,"photography","https://drive.google.com/open?id=1NmwWII67hj19TYjJ4KTd8_CoJYn0lcjeJQ","61.501981","28.135470"
"_DSF7047.jpeg",,"photography","https://drive.google.com/open?id=1NitYuJ9Ft9DpVfJYwEbsYJ7D4Rr2HcbCjw","61.522266","28.168472"
"_DSF7048.jpeg",,"photography","https://drive.google.com/open?id=1ERE05Dy5ozPAaStYazLM3Af0Nn1V5Y0bIg","61.519892","28.175081"
"_DSF7052.jpeg",,"photography","https://drive.google.com/open?id=10mMTPXuvzYdDIZuUaaAXa9mYeOMvDPuIPw","61.517928","28.182462"
"_DSF7053.jpeg",,"photography","https://drive.google.com/open?id=1CVpXS_ZW7p06KKyC669olQUMJfRIVPgl4g","61.516700","28.187784"
"_DSF7054 - _DSF7056.jpg",,"photography","https://drive.google.com/open?id=179nnDjA49LglMnhX2e09rf7rluGIUioPoA","61.516659","28.191603"
"_DSF7060.jpeg",,"photography","https://drive.google.com/open?id=1M5_t-SaaQoYDIS6KUlNZkK3FgRwELOqG3g","61.517109","28.200701"
"_DSF7062.jpeg",,"photography","https://drive.google.com/open?id=1N6PlSgt2EOwREm14-UqEXNq6Z1vgUh5fZw","61.623616","28.251899"
"_DSF7064.jpeg",,"photography","https://drive.google.com/open?id=1O7pubETSl5Jm9tig6eyinnRg0EQ2KZsz3w","61.623968","28.252296"
"_DSF7080.jpeg",,"photography","https://drive.google.com/open?id=1CCIs9ELiv2AJc6pluNasq90XBSXw7CzCgg","61.813185","28.838230"
"_DSF7085.jpeg",,"photography","https://drive.google.com/open?id=1J5phVmE5i4GF6gXVaU2Qgbe4d3tuR4kALA","61.813996","28.846127"
"_DSF7086 - _DSF7088.jpg",,"photography","https://drive.google.com/open?id=1y4dQxdZRfWZR7N5vrPzM3sXpYFbASm4e3Q","61.802034","28.921786"
"_DSF7089 - _DSF7092.jpg",,"photography","https://drive.google.com/open?id=1vmbybPSt993NboBfu-1W1LxWgCwZC6ComA","61.801060","28.923589"
"_DSF7094.jpeg",,"photography","https://drive.google.com/open?id=1mkfMBdvGuOrfqKUiuRk0whxwmGn8dyzwwQ","61.765389","29.196402"
"_DSF7105.jpeg",,"photography","https://drive.google.com/open?id=1s8cq40lCVwPxW-XYCldSY25j7C44nuLrJw","61.799083","29.623903"
"_DSF7110.jpeg",,"photography","https://drive.google.com/open?id=135Qwyljgn6lalB1Cqtp_PRVN2S9TjEIXXg","61.799316","29.625512"
"_DSF7117.jpeg",,"photography","https://drive.google.com/open?id=1VahbUdt9aOH30CsMuftKXGMC5XQOnt9USQ","61.798820","29.626499"
"DSCF7420.JPEG",,"photography","https://drive.google.com/open?id=1hvEHbe3WkqFSeFlEhWxUD5VV6QyrFLogjw","60.694886","28.706483"
"DSCF7421.JPEG",,"photography","https://drive.google.com/open?id=1dt9W7HEHrb0y6tLEDX-rwIr0e8PUMiKrbQ","60.702617","28.705797"
"DSCF7422.JPEG",,"photography","https://drive.google.com/open?id=1U4qEIOveog3xOwQt7E8CiR7KVu__xATx-Q","60.808953","28.736758"
"DSCF7425.JPEG",,"photography","https://drive.google.com/open?id=1NQu4gEAboXSd12MEDRz0xdzQAgTAHKx-_Q","60.853672","28.695325"
"DSCF7432.JPEG",,"photography","https://drive.google.com/open?id=1ZXGmRlEP8Ax29UOfq-KwiWc2ABdmZB2p2w","60.880750","28.653439"
"DSCF7434.JPEG",,"photography","https://drive.google.com/open?id=1eYR183XpToRyfQAIvEVStO0ZeY4NR6XqtA","60.968092","28.520403"
"DSCF7438.JPEG",,"photography","https://drive.google.com/open?id=106bP0FPlFMf2zvYvgnSma2xCQn2feR2szw","61.038864","28.401839"
"DSCF7439.JPEG",,"photography","https://drive.google.com/open?id=1c-mAEPPhcMDFXcwwKGi_czCW8XVyIT3yqQ","61.037992","28.403492"
"DSCF7440.JPEG",,"photography","https://drive.google.com/open?id=1rZ5r9hLGpLNGYiywRH2dFLzkAKxh_K1yrQ","61.039083","28.401711"
"DSCF7441.JPEG",,"photography","https://drive.google.com/open?id=1xaPtvA0018IzOx04n3PR9Q8wcu7rKRBqZg","61.039758","28.400681"
"DSCF7442.JPEG",,"photography","https://drive.google.com/open?id=1AS42q4wzfBafTe3V27K9U8lLr542qTyN0A","61.039747","28.400725"
"DSCF7443.JPEG",,"photography","https://drive.google.com/open?id=1Ff0XHuX-ViuqLRmI7GcDOdA0lxIpU0Wcaw","61.039658","28.400864"
"DSCF7444.JPEG",,"photography","https://drive.google.com/open?id=1qiqUCOayB14eeNJYxBm-cYR1fZkm6SIR1g","61.039675","28.400831"
"DSCF7445.JPEG",,"photography","https://drive.google.com/open?id=1xvwaTO1rmG1t44wmVGcgKulcp0V3lkHTXw","61.039581","28.401025"
"DSCF7446.JPEG",,"photography","https://drive.google.com/open?id=1WqlPPjdeksLczMzK5qjwtqXwmVx8zbLyDg","61.052772","28.372411"
"DSCF7451.JPEG",,"photography","https://drive.google.com/open?id=1_EzyFBBcvDJsXxt0uXRzn4-P1VC2Cct1OA","61.062378","28.316867"
"DSCF7456.JPEG",,"photography","https://drive.google.com/open?id=1bP3d3B8bjyM3u3XelwG5QEm-ubU_Z216nw","61.067158","28.183906"
"DSCF7460.JPEG",,"photography","https://drive.google.com/open?id=1yYXfI6O9aPC1RTVJq3GGzJk7YpAADtrFeA","61.057036","28.186953"
"DSCF7461.JPEG",,"photography","https://drive.google.com/open?id=1NCGt6rGBRps-t53-C4ymVxiNP3MGJFuP4A","61.058844","28.185881"
"DSCF7462.JPEG",,"photography","https://drive.google.com/open?id=1ct-EVginfoJ3OqRvsZbWfMPuzbZCQSl4yw","61.058697","28.186008"
"DSCF7463-DSCF7466.jpg",,"photography","https://drive.google.com/open?id=1W1dLLnIRbQIiLopSOOxDHqtVj4m0mUV29w","61.065933","28.183111"
"DSCF7467.JPEG",,"photography","https://drive.google.com/open?id=1umwR7EJnv6EQ20e5GiOPTIY8BLhXKE94QA","61.065456","28.183519"
"DSCF7468.JPEG",,"photography","https://drive.google.com/open?id=1awF9WlKqo1NOMuXe2vuf9cWWp8iHZ1WJLA","61.068614","28.184206"
"DSCF7469.JPEG",,"photography","https://drive.google.com/open?id=1ST174Hmvd2dW6cd7FDuZCDr-KTcquojwBA","61.068644","28.184636"
"DSCF7470.JPEG",,"photography","https://drive.google.com/open?id=1eeHgBPufzQ3b94DYC6eapzwEY71Gi4rSjA","61.350994","28.110242"
"DSCF7471.JPEG",,"photography","https://drive.google.com/open?id=1em1CBgT8yblTLDSKzFijdwFxjL6VrEwrBQ","61.351711","28.108642"
"DSCF7472.JPEG",,"photography","https://drive.google.com/open?id=114He84L5HpMJl2Cc7E3IXi1hoZssBeHu8g","61.520733","28.178144"
"DSCF7473-DSCF7474.jpg",,"photography","https://drive.google.com/open?id=1c6cu914H1AgCdAimwFaKNq6X9LOGBai8Ng","61.524539","28.178058"
"DSCF7475.JPEG",,"photography","https://drive.google.com/open?id=1t__O4h5sqvHjKc_nJBros767FS4rdl-oQA","61.525664","28.171578"
"DSCF7476.JPEG",,"photography","https://drive.google.com/open?id=176RVSLKaLY_M93S747Iy66ABsP-h_AoltQ","61.525664","28.171619"
"DSCF7477-DSCF7478.jpg",,"photography","https://drive.google.com/open?id=1bmjx_bHVzXdD36UQXWalSF52xgHqwaoiXg","61.525603","28.171722"
"DSCF7479.JPEG",,"photography","https://drive.google.com/open?id=1HjJa0u4zQ4lCUsyHIJ81lVwAq2bhzOBzmg","61.525586","28.171319"
"DSCF7480.JPEG",,"photography","https://drive.google.com/open?id=1cNvKycuGoSiWsFnZ-NgGbdavpI0roXPD_Q","61.525669","28.171356"
"DSCF7481-DSCF7482.jpg",,"photography","https://drive.google.com/open?id=1EgZbuyvfszHwshmxgWP4Rbm0sgYz7H_U1Q","61.527533","28.174550"
"DSCF7483-DSCF7485.jpg",,"photography","https://drive.google.com/open?id=14He3qJs69Q2nSq38aS_q3V7Ja0W0x4gj6g","61.523317","28.182447"
"DSCF7487.JPEG",,"photography","https://drive.google.com/open?id=1W_W_OaCRqrGNC1ue7XwUn03Zt_XSkC96hw","61.522397","28.183111"
"DSCF7488.JPEG",,"photography","https://drive.google.com/open?id=1WgKfmyHeeHjs5-h1eParcA1Wg751NzNgTw","61.519706","28.177703"
"DSCF7490-DSCF7492.jpg",,"photography","https://drive.google.com/open?id=1Dyj6-3BZuTjUquAKK27iyYC-yVwoI5FZFg","61.519433","28.176975"
"DSCF7493.JPEG",,"photography","https://drive.google.com/open?id=1oc4PLMYKcHX2TmgbEEaMrtbDCYvwpYEUeA","61.519597","28.177500"
"DSCF7494.JPEG",,"photography","https://drive.google.com/open?id=18RwAGaGQXbevwLUzuII3pk_-QLlqbuEnvw","61.519742","28.177511"
"DSCF7495.JPEG",,"photography","https://drive.google.com/open?id=1v4P592TZZuROIf49wYu13Xvw5CS8tQO8iA","61.520047","28.179044"
"DSCF7501.JPEG",,"photography","https://drive.google.com/open?id=1QIsTiJwPGjYgoYLBgv071fshPvt5H1C6hw","61.626086","28.552150"
"DSCF7502.JPEG",,"photography","https://drive.google.com/open?id=1haw5EXuDtfC2cNioA4JZJG8jrbebrwcF4g","61.707556","28.662861"
"DSCF7503.JPEG",,"photography","https://drive.google.com/open?id=18lO5nHKu_oQ6zb9i_PdOfoh54hEZegDPyw","61.708239","28.659494"
"DSCF7505.JPEG",,"photography","https://drive.google.com/open?id=1WrpxkO7t9mPwPy561YMdlTDb3eotJdH1vQ","61.706775","28.663944"
"DSCF7511.JPEG",,"photography","https://drive.google.com/open?id=193IEoUxbTtQCNEkhalXFnl5iumzUORWvmw","61.657716","29.086877"
"DSCF7516.JPEG",,"photography","https://drive.google.com/open?id=1H5xR0Y4mHk2od-ACSqUiaGgN9KVNSp4ozA","61.863322","28.890006"
"DSCF7518.JPEG",,"photography","https://drive.google.com/open?id=1kl3wIset6j1xaokfLAn7YqXScStOiZ-phQ","61.860367","28.889653"
"DSCF7523.JPEG",,"photography","https://drive.google.com/open?id=1woEWRgJiaa_hKs6WQax3A6i16e7TUPhoCQ","61.867014","28.901775"
"DSCF7529.JPEG",,"photography","https://drive.google.com/open?id=1bjOuMHFx2sQcKXGaE8xk_3-KwtnSZckdIw","61.869817","28.891111"
"DSCF7530.JPEG",,"photography","https://drive.google.com/open?id=1Y4gs9rYQI9Y2XFyLKGKxChfLfY3tqKGa2w","61.863808","28.899372"
"DSCF7531.JPEG",,"photography","https://drive.google.com/open?id=1R7D87HcPet_L1ktGcBM7eMIn9j23sjgajA","61.920764","28.775531"
"DSCF7536.JPEG",,"photography","https://drive.google.com/open?id=1eNYb3Fl6SVT8Z513uTaEwt5OUBRRyEpwdA","61.922622","28.778447"
"DSCF7537.JPEG",,"photography","https://drive.google.com/open?id=1fZvHJ7IIMPwwcxYXFXVBcnxYbIC9E-Fcgg","61.994414","28.659658"
"DSCF7538.JPEG",,"photography","https://drive.google.com/open?id=1YY0M4W2MJhmkRIFED-BYfX8CCKnAPEwHYA","61.994506","28.659381"
"DSCF7539-DSCF7541.jpg",,"photography","https://drive.google.com/open?id=18b-jpgX0f6IF_qalCB2sW-c0wRRPaQVq2g","61.994021","28.658738"
"DSCF7542.JPEG",,"photography","https://drive.google.com/open?id=1j4munYmswsxCSoD4Kvjcx64v5ICz_vKbJw","61.993386","28.660397"
"DSCF7543.JPEG",,"photography","https://drive.google.com/open?id=1vWdUPgSTtOkp-_ntpfdgZrZpx6GqQujmkw","61.993356","28.660442"
"DSCF7544.JPEG",,"photography","https://drive.google.com/open?id=1-AM3UtWYjdgH3AlWwCdzUysGCKwhWylv_g","61.993236","28.659775"
"DSCF7545.JPEG",,"photography","https://drive.google.com/open?id=1wqctO4qysQigJzRSun4g5xnP6tu_R4DZPw","61.992783","28.660783"
"DSCF7547-DSCF7551.jpg",,"photography","https://drive.google.com/open?id=1sCxUOPFcYnxZ6QCXsvKdAWJs4oG8YHkE_w","61.994383","28.660142"
"DSCF7553.JPEG",,"photography","https://drive.google.com/open?id=1IIRdZ-ASeShqn5k0xCYC-GAZyrhg6myJKw","61.994303","28.660097"
"DSCF7555-DSCF7560.jpg",,"photography","https://drive.google.com/open?id=1O9bEVZ_3pQA4aaJPoRqEP0cCbwn61FSlGw","62.101269","28.516508"
"DSCF7562.JPEG",,"photography","https://drive.google.com/open?id=1QuEm5heuLGYNw6etaVHj-8foFFmYhoQGPQ","62.117656","28.481114"
"DSCF7564.JPEG",,"photography","https://drive.google.com/open?id=14oscVVWfnypWt5L1l9B0WvRWrXasP9OhKw","62.117567","28.481028"
"DSCF7565-DSCF7568.jpg",,"photography","https://drive.google.com/open?id=1sPnjOVGVxQFk--qvyujOtZDnUT79t5Uyiw","62.116603","28.481136"
"DSCF7569.JPEG",,"photography","https://drive.google.com/open?id=1BkGNg3v_1lB1VK-81xOhsQDkxEuAvvo_IQ","62.116331","28.471331"
"DSCF7579_IMG_20150817_121002.jpg",,"photography","https://drive.google.com/open?id=15Eo1g5f0fgsA8TjHpn9koo7zaCBgDyE8ww","61.600067","28.439703"
"DSCF7579_IMG_20150817_121249.jpg",,"photography","https://drive.google.com/open?id=10g0OlA-C5gqfjaBMi2tdwRcqirlXlnZx9g","61.599744","28.440053"
"DSCF7579_IMG_20150817_202149.jpg",,"photography","https://drive.google.com/open?id=1CrNaweXuplZTtp1f_rW95znxNhhHKPJbeg","61.504775","28.144458"
"DSCF7579_IMG_20150817_202231.jpg",,"photography","https://drive.google.com/open?id=1gPzPEEHL6j34-y_kNh9bICasItNvuXPiig","61.505033","28.144746"
"DSCF7579_IMG_20150819_112202.jpg",,"photography","https://drive.google.com/open?id=1_MEVNvoFXkSZbaSCjyqRLGwiBa51GCe_QA","61.209844","28.296689"
"DSCF7584.JPEG",,"photography","https://drive.google.com/open?id=1sNNmzd30cbfWib_n9UCaIOiffkzExW4q7A","55.754000","37.620000"
"DSCF7849 - DSCF7851.jpeg",,"photography","https://drive.google.com/open?id=16ACP5Qtr-c73Ss886u8bIXkVsL1R9E_x9w","61.209707","28.296566"
"DSCF7852.jpeg",,"photography","https://drive.google.com/open?id=1JXDvCjjniO76lQ3r8J6jcONmariftf2pUA","61.209958","28.296643"
"DSCF7853.jpeg",,"photography","https://drive.google.com/open?id=1HNDLetNcDtYDdAHnacFxq1_uBikLGTBHRQ","61.209971","28.296230"
"DSCF7854.jpeg",,"photography","https://drive.google.com/open?id=1YB17b3DIM3tQt8GREb2dlY1IfPt6lUv0ew","61.210162","28.294610"
"DSCF7855.jpeg",,"photography","https://drive.google.com/open?id=1wZgf84OnOUR5lzHQgHvJClDsLxKivblGfQ","61.209914","28.295276"
"DSCF7856 - DSCF7858.jpeg",,"photography","https://drive.google.com/open?id=1XzNibnSKjlBkJmUbWhZqqGTktgHPg-4zkw","61.209707","28.296566"
"DSCF7859.jpeg",,"photography","https://drive.google.com/open?id=1tsgYh-4TbwvIyyh-hJA00FqMjJpk26-X5A","61.453293","28.155502"
"DSCF7860.jpeg",,"photography","https://drive.google.com/open?id=1BjQ_Evu4TW2EGy8NoJmpHU51ycWKpmjdrw","61.453275","28.155497"
"DSCF7861.jpeg",,"photography","https://drive.google.com/open?id=16EsDJSZxdLGQVtJobeYQBm4Oa1v--Cnfxg","61.454454","28.152568"
"DSCF7862.jpeg",,"photography","https://drive.google.com/open?id=1wvaEquzfGH1Zb5PdEHv2BwN2elAGeVhhcQ","61.456260","28.151493"
"DSCF7863.jpeg",,"photography","https://drive.google.com/open?id=1BYBxM4YB_Ar300yN7vZTBnca84TeeFIDMg","61.599770","28.439941"
"DSCF7865.jpeg",,"photography","https://drive.google.com/open?id=1lptFPFL9ZNkCdwFS0aFBlYb_D6rR3mB_eA","61.599536","28.440043"
"DSCF7867.jpeg",,"photography","https://drive.google.com/open?id=1-HDJQ7Y1GCin7Qf9IDcprOatOU3Q7rj8lw","61.599543","28.440043"
"DSCF7869.jpeg",,"photography","https://drive.google.com/open?id=1Q_QhM7x6M-jnBG9U3GCzmWG2H4vhT0GojQ","61.210619","28.295767"
"DSCF7870.jpeg",,"photography","https://drive.google.com/open?id=1vLbo2deskMhVvHTrOZGYq3eN6-FfPfswqg","61.209947","28.297079"
"DSCF7874.jpeg",,"photography","https://drive.google.com/open?id=1pgAb_0nqYAj5y1h8pJgsmvDOLCCrE1xtog","61.072826","28.302127"
"DSCF7876.jpeg",,"photography","https://drive.google.com/open?id=1Bc0krko6zZdcapOf5o9XLxXe8wO1mfM3Uw","61.072499","28.302856"
"DSCF7878.jpeg",,"photography","https://drive.google.com/open?id=1Jam3AUJ4GPmz79q0CJIfaFe4fwyHV4TWuQ","61.069614","28.306314"
"DSCF7879 - DSCF7882.jpeg",,"photography","https://drive.google.com/open?id=1XDvSX7vwUjzzSFMdPJcNceYWEmTErB261g","61.067600","28.309168"
"DSCF7883.jpeg",,"photography","https://drive.google.com/open?id=14dHrHJQFoQnA3qqAWrtHUORuO17SBQ9tZg","61.067247","28.309371"
"DSCF7884.jpeg",,"photography","https://drive.google.com/open?id=1vIhN-T-3TxuGp13PJDJ73_7zyp-pD0CYDA","61.069915","28.308417"
"DSCF7885.jpeg",,"photography","https://drive.google.com/open?id=1jPkEXj-7qHs3RSqnIxAxuzsHsuNKnHAvQw","61.072567","28.302945"
"DSCF7886.jpeg",,"photography","https://drive.google.com/open?id=1Bxzm68hBXf1mnbypkr49Ys2PbJu8Lmr-VQ","61.072751","28.302092"
"DSCF7888.jpeg",,"photography","https://drive.google.com/open?id=1D3cT-oaLh0grrVW1YsbqA_tQg3mrTEH0Xw","61.073050","28.305101"
"DSCF7891.jpeg",,"photography","https://drive.google.com/open?id=18o-lgRvjLRPD7st9vFRN9LbhUIgnlAn9Vw","61.067279","28.309676"
"DSCF7893.jpeg",,"photography","https://drive.google.com/open?id=1ZYNF_BRwRtfm_e1lvOZf_UXZiwn3NQ4piQ","61.067258","28.309713"
"DSCF7895.jpeg",,"photography","https://drive.google.com/open?id=1MHgmhYJxFPt7ceAiRqeylx4fblFMZxqdJw","61.071161","28.304184"
"DSCF7896.jpeg",,"photography","https://drive.google.com/open?id=1mUbz-K5lBUdBL6EWdb_qEAe0S0CeWHHtfQ","61.072557","28.303125"
"DSCF7897.jpeg",,"photography","https://drive.google.com/open?id=1DRaqyxGuhFRW9mWjjwjOXJ3qhPh3x_m8CA","61.072839","28.302533"
"DSCF7898.jpeg",,"photography","https://drive.google.com/open?id=1ui8bM72YtT6sd4QSLq8o8JjbR1cudRC6Mg","61.194672","28.561525"
"DSCF7899 - DSCF7902.jpeg",,"photography","https://drive.google.com/open?id=1OOino63Y1Kx_BHFMQx9CMBorDQ1IYpIH9g","61.194124","28.562233"
"DSCF7903 - DSCF7907.jpeg",,"photography","https://drive.google.com/open?id=1IsJcV_W7jyscirpqzYjb1OmpZJ2mNMWJVQ","61.192592","28.558789"
"DSCF7908 - DSCF7911.jpeg",,"photography","https://drive.google.com/open?id=1LgvYUWTvKCuLkq96uU7cDKWHuU8EYMdT0A","61.192912","28.557801"
"DSCF7912 - DSCF7917.jpeg",,"photography","https://drive.google.com/open?id=16Ihdt257j9XdJ9EdQF31DiaWOFo6iLesaQ","61.194536","28.557844"
"DSCF7918 - DSCF7922.jpeg",,"photography","https://drive.google.com/open?id=1lHEhqQt7dmlNJD-717uqebvsZsTtEKkyBA","61.194618","28.557222"
"DSCF7924.jpeg",,"photography","https://drive.google.com/open?id=1xAWQ8qOIvX6exEm2pjsEQvWAgRjH13LM9w","61.521702","28.175470"
"DSCF7925 - DSCF7929.jpeg",,"photography","https://drive.google.com/open?id=1X5WamtZYapGU_jiqgqGp95kN2Hc6K57Diw","61.820397","28.730445"
"DSCF7930.jpeg",,"photography","https://drive.google.com/open?id=1Cn7phvZ-57WccveJ3qIF3sGMHTD2VHZEOg","61.820290","28.730927"
"DSCF7931 - DSCF7932.jpeg",,"photography","https://drive.google.com/open?id=1OFWeJdA6_WcmvkfeqTHeusav-N90DjR94w","61.820617","28.731861"
"DSCF7933.jpeg",,"photography","https://drive.google.com/open?id=1sYdV4Q5tbDuqpF-AmNuV1k8PidBWt2BojA","61.820584","28.734382"
"DSCF7934.jpeg",,"photography","https://drive.google.com/open?id=1H4cFejBTQecakmOgjLyAUAJ3QlnKNdxG8A","61.800048","29.320821"
"DSCF7942.jpeg",,"photography","https://drive.google.com/open?id=1ZLpDJ_s4_OwMPLacRESxv-U5vjF5-BWS_A","61.781588","29.347085"
"DSCF7945.jpeg",,"photography","https://drive.google.com/open?id=1TMAmEhGTq6mLXBhfeCiAEv88dnXGaDqviw","61.694100","28.968759"
"DSCF7946.jpeg",,"photography","https://drive.google.com/open?id=1K3-hKdrS-Re9DUCTzg1qaXZqJyTtspe0cg","61.694054","28.968159"
"DSCF7947 - DSCF7951.jpeg",,"photography","https://drive.google.com/open?id=1cfBUMF9RCZmSEMjzrBH4oEoRe-oPtIXeKg","61.694675","28.969671"
"DSCF8344.jpeg",,"photography","https://drive.google.com/open?id=1BV3dxR0nCu_ptRoYCBhLJhchVP2y1S5nng","61.068792","28.186146"
"DSCF8345.jpeg",,"photography","https://drive.google.com/open?id=1qAESnLXvYtwJyVnWnlEbxJmnGpOgz1ecFA","61.068772","28.185775"
"DSCF8347 - DSCF8353.jpeg",,"photography","https://drive.google.com/open?id=1tHEidcqRFl-N-0XPFHuz0_-qQGXYHwdLSQ","61.076340","28.186881"
"DSCF8354.jpeg",,"photography","https://drive.google.com/open?id=11wOw1I4u4O9FS4gaO968qfmOVwh17A-uWQ","61.076387","28.186725"
"DSCF8356.jpeg",,"photography","https://drive.google.com/open?id=1nhQKhL-zOWWemFTVerrQU5RZ3qavfRHN1Q","61.076890","28.185996"
"DSCF8361.jpeg",,"photography","https://drive.google.com/open?id=1vpPM75nuHTCT2UGlEq0oql_drkIVcODCxA","61.232638","28.465203"
"DSCF8362.jpeg",,"photography","https://drive.google.com/open?id=1Pir5MhInJba82XsoDQJgo_hYqcblrfmqyw","61.233072","28.461469"
"DSCF8366 - DSCF8365.jpeg",,"photography","https://drive.google.com/open?id=15jnIuNCiR6kUaTIOioBEOquJL0tgbvPF8g","61.232473","28.460074"
"DSCF8374.jpeg",,"photography","https://drive.google.com/open?id=1WJNM1P8ON0zrZYyYbdWcdHzWl9mQG631LQ","61.490806","28.160236"
"DSCF8375 - DSCF8380.jpeg",,"photography","https://drive.google.com/open?id=1y3NZeJeNPnlPLQBokkikn4MkqsCGSeGM8A","61.490954","28.162124"
"DSCF8381.jpeg",,"photography","https://drive.google.com/open?id=1IMBIjnFNl3N_cMexx5EKLXumMu_7ip0OUg","61.776119","28.712171"
"DSCF8382.jpeg",,"photography","https://drive.google.com/open?id=1xuYOryq5NiE27oQt4YOi406kXkjkiY9E3Q","61.776139","28.712224"
"DSCF8385.jpeg",,"photography","https://drive.google.com/open?id=1qje_n1Vf_qFJVien61cyIa2xBDU0Wcwu2w","61.776570","28.711977"
"DSCF8386.jpeg",,"photography","https://drive.google.com/open?id=1CYtE3knE7aG3k2vxUvUAp0l1fnUfsIJd9A","61.776104","28.712471"
"DSCF8387 - DSCF8390.jpeg",,"photography","https://drive.google.com/open?id=1i9i7MlQKmPQ5DPC0wfXXMlsw0EgsinBWHQ","61.776494","28.712675"
"DSCF8391.jpeg",,"photography","https://drive.google.com/open?id=1ale1DNfreQmYNVh4htwG9vmtDz33bBBYcQ","61.994248","28.659975"
"DSCF8395.jpeg",,"photography","https://drive.google.com/open?id=1LyI1v1VJOp_KPrmwYh_EwbvdiVEfYbKh_w","61.994207","28.660018"
"DSCF8397.jpeg",,"photography","https://drive.google.com/open?id=17WP7jCOb_K5PDYKovsXeu3cd4SQVr_ymXA","61.992918","28.660873"
"DSCF8400.jpeg",,"photography","https://drive.google.com/open?id=1UuyoimZO46nCYsr6NdmzUSCT9AN4kjVnAQ","61.993555","28.659853"
"DSCF8402.jpeg",,"photography","https://drive.google.com/open?id=1cnwuT4DHtx2BgRU53FWq0iRVlgJ_ZuRMFQ","61.993548","28.659972"
"DSCF8403.jpeg",,"photography","https://drive.google.com/open?id=1w0mGSAhmr4A202ctl7oxF6inghiW5OoRvg","61.993583","28.659500"
"DSCF8405.jpeg",,"photography","https://drive.google.com/open?id=1njb_zGgG-piDOE_3q1Fu6BQX34WgXgFzeg","61.993704","28.659554"
"DSCF8409.jpeg",,"photography","https://drive.google.com/open?id=1W1Yt9pEdwevVWg41lqt2sN1H9wcJS2gcUQ","62.226402","28.173248"
"DSCF8410.jpeg",,"photography","https://drive.google.com/open?id=1DIr7heqM6ImP0KfGZHVZymTBOK3CG-ieAA","62.224602","28.182718"
"DSCF8411 - DSCF8419.jpeg",,"photography","https://drive.google.com/open?id=15pCESA2tJItR64GMnZa-q7MqANod3JQLsg","62.225692","28.173870"
"DSCF8421.jpeg",,"photography","https://drive.google.com/open?id=1191KfOot4YGYEhdhQ6eU_U5x0nwBmKd6KA","62.226212","28.173870"
"DSCF8422.jpeg",,"photography","https://drive.google.com/open?id=1aqZmkzG_YE4H-23abqCvPB_gAJr8pRjhAg","62.423030","27.919136"
"DSCF8428 - DSCF8431.jpeg",,"photography","https://drive.google.com/open?id=1kMrix7u0O8LTRDDeJ_FUj_eV71k-8PQeKA","62.422573","27.921045"
"DSCF8435.jpeg",,"photography","https://drive.google.com/open?id=1_0kt4xTSnthOlcvsPQWGtRDPg4vyWnzoww","62.491097","27.787879"
"DSCF8439.jpeg",,"photography","https://drive.google.com/open?id=1BU_SZaFvCcBip5k5Ms_gANoG7J9DmrYqRw","62.490701","27.787482"
"DSCF8440 - DSCF8441.jpeg",,"photography","https://drive.google.com/open?id=1krHPh2uQqLwJnKzOymfiqeLugcmXQZ5ntw","62.490354","27.790196"
"DSCF8442.jpeg",,"photography","https://drive.google.com/open?id=1dAyVvjT8q3b9jlKRT2-Z0QpEVxCB8iY0vQ","62.490027","27.791012"
"DSCF8443.jpeg",,"photography","https://drive.google.com/open?id=1acxUKrcfU_RHEmfICu8WT438qf4JvOivCw","62.489779","27.791312"
"DSCF8444.jpeg",,"photography","https://drive.google.com/open?id=1XBgiztQTYvzfb0IDED3INLqGSnZpvmUAZQ","62.489011","27.792653"
"DSCF8445.jpeg",,"photography","https://drive.google.com/open?id=1B7motgjjEQ4fgaUMQeRtNFk-sCeDqyijJw","62.488951","27.792224"
"DSCF8446 - DSCF8447.jpeg",,"photography","https://drive.google.com/open?id=1Pepo_c-SSVOxV_OPOeJ7HFQVdnvSh-4oIw","62.489546","27.802567"
"DSCF8449 - DSCF8453.jpeg",,"photography","https://drive.google.com/open?id=1BNVgbM65GwvPnvxBs4eKk81jFErF0lrS2Q","62.549297","27.773760"
"DSCF8454.jpeg",,"photography","https://drive.google.com/open?id=1OPCsCFT-BlJsupzDPd98s4yg5xAkSjWmig","62.549015","27.772891"
"DSCF8455.jpeg",,"photography","https://drive.google.com/open?id=1NZak94JeI91F_vRxLzBneylgEJSGjqRmXw","62.548849","27.771814"
"DSCF8456.jpeg",,"photography","https://drive.google.com/open?id=1mp4h55f8kQvVohM-bYrgVEH1kdWkUXfimw","62.548717","27.771913"
"DSCF8457.jpeg",,"photography","https://drive.google.com/open?id=1oj-MPb5Xmj0vEtTr--egqRz7Ye6fn18quQ","62.548538","27.770906"
"DSCF8458.jpeg",,"photography","https://drive.google.com/open?id=1WKObaQDWG1aFX7I1njN451NhSp8M8-TYKQ","62.548943","27.772193"
"DSCF8459.jpeg",,"photography","https://drive.google.com/open?id=1_u8b2pKY1hDnZAnRB4cSdO2mFrqAduGZqA","62.548785","27.771067"
"DSCF8460.jpeg",,"photography","https://drive.google.com/open?id=1AAUuI29VXPNcLlOMfOfxXWu12tMMXsxQBA","62.548879","27.770305"
"DSCF8461.jpeg",,"photography","https://drive.google.com/open?id=1X96ZqsYLSD_58nQpNGt_NDWuOWbizLWmQQ","62.548820","27.769704"
"DSCF8462.jpeg",,"photography","https://drive.google.com/open?id=1t0b4MdKD1_jazQNKy7XzLz-b_4ubJV2q5g","62.549206","27.772081"
"DSCF8463.jpeg",,"photography","https://drive.google.com/open?id=13CBVPw4_OQN-yvKm0P8i0xGHqAtknbiypA","62.549198","27.772108"
"DSCF8464.jpeg",,"photography","https://drive.google.com/open?id=1QExAEAZ-KLFCL7mgLc0NArFTJJVfdViyrw","62.549213","27.771990"
"DSCF8465.jpeg",,"photography","https://drive.google.com/open?id=1H1zg3D4-Sz0gvlopcP51plkp-N6IbqZ_RQ","62.549218","27.772132"
"DSCF8466 - DSCF8470.jpeg",,"photography","https://drive.google.com/open?id=1tjaNC1eBEVlAlxMKo8vEmm4u0sG3r8w1vQ","62.550804","27.771578"
"DSCF8471.jpeg",,"photography","https://drive.google.com/open?id=1XcM_v8O6a37G3ddjl3e_qh_QDvk9XlhB1w","62.550830","27.771548"
"DSCF8472.jpeg",,"photography","https://drive.google.com/open?id=1GbPtjR2XjRKTcsvQd9vVwcoTPoGh-z4ugw","62.551093","27.771353"
"DSCF8473.jpeg",,"photography","https://drive.google.com/open?id=1Wy_6uh8Y3kGP2cpHHZkCWioYhqygFBD2UQ","62.550052","27.771975"
"DSCF8474.jpeg",,"photography","https://drive.google.com/open?id=16QYjO3hCXR37OG6qpNYQ6Wk_l7HeE4dBhg","62.548321","27.773659"
"DSCF8475.jpeg",,"photography","https://drive.google.com/open?id=1WcRPIeOFZzEsCkSThP3ybSGSdBHuwVv-cQ","62.548304","27.773225"
"DSCF8476.jpeg",,"photography","https://drive.google.com/open?id=1tAmJzLjSNP7QWeq2wsQHgLH2qMrJJP0B-A","62.548474","27.773531"
"DSCF8477.jpeg",,"photography","https://drive.google.com/open?id=12lyKwxqPQpBXyn2eDKD3Z-Ox9CgomYWmaw","62.548365","27.773209"
"DSCF8478.jpeg",,"photography","https://drive.google.com/open?id=1ursfIXM2Z8EGqQfTTalzpnDozYYRkx-1jg","62.547935","27.774679"
"DSCF8479.jpeg",,"photography","https://drive.google.com/open?id=1dM-LzhK4Zl0v2JBMkYpJtOb2SSVLhPxKFw","62.546100","27.778498"
"DSCF8480.jpeg",,"photography","https://drive.google.com/open?id=1iWALNsxmGPHBKDHB8aloF6TNw0EoQ1lW9Q","62.547638","27.770752"
"DSCF8481 - DSCF8483.jpeg",,"photography","https://drive.google.com/open?id=1Vzo7ZkkxuKXEa6RJbgRvcenrSa9q03v5rQ","62.547282","27.770065"
"DSCF8484.jpeg",,"photography","https://drive.google.com/open?id=18iPe5M_DcP4Oqv7KfMLh8z9fw-OeB31gzg","62.547673","27.770162"
"DSCF8485 - DSCF8491.jpeg",,"photography","https://drive.google.com/open?id=15uTDxB1sR_8YFF_rA8ntWza1ZI6F0Tu5gg","62.774930","27.818259"
"DSCF8492.jpeg",,"photography","https://drive.google.com/open?id=15LnCpN_5No_mC0uhbK77bgsJkd_zGdUS5g","62.775774","27.817186"
"DSCF8493 - DSCF8497.jpeg",,"photography","https://drive.google.com/open?id=1EkNTqrUOF7_imrD-LMARHbjjxreuCWbeFw","62.775754","27.815083"
"DSCF8498 - DSCF8504.jpeg",,"photography","https://drive.google.com/open?id=1EbID4AzROiMsxy_4RbXYz2xrqnV1eVa76A","62.892904","27.679385"
"DSCF8505.jpeg",,"photography","https://drive.google.com/open?id=1Yjl-MboMJzkl4vCNFEhtWwmG4KazK7NYgQ","62.892807","27.678441"
"DSCF8507.jpeg",,"photography","https://drive.google.com/open?id=1AZqKQKyTeZlP_75PIX5vbbDaFYNTg0VyOQ","62.891751","27.679814"
"DSCF8508.jpeg",,"photography","https://drive.google.com/open?id=1_I8uZhenbWSxs-dU8Fclf9BxWB2uWvuT2Q","62.891888","27.679492"
"DSCF8509 - DSCF8516.jpeg",,"photography","https://drive.google.com/open?id=1mLKjKkalLH8EZif46z5FuD3NDBkC1Fb91Q","62.891961","27.679578"
"DSCF8517.jpeg",,"photography","https://drive.google.com/open?id=18YaN86wpMtLE6k5pt-QBusfRduoCSyLNkQ","62.891751","27.680436"
"DSCF8520.jpeg",,"photography","https://drive.google.com/open?id=1S7t3V5-YoUxdJJDuC1Ymt7pO69fSlSidMg","62.947509","27.676638"
"DSCF8525.jpeg",,"photography","https://drive.google.com/open?id=1b0GlhFXZVfG_xB2-7LdilBigrTEJFKtDLg","62.939154","27.716507"
"DSCF8528.jpeg",,"photography","https://drive.google.com/open?id=16w2hrLdCVzBpohMHiHtiJgAM--uYkJzVXg","62.771827","27.808646"
"DSCF8529 - DSCF8535.jpeg",,"photography","https://drive.google.com/open?id=1dLaGKLIkGAF8Smvtch4MB869vWVw6YgWIQ","62.771938","27.808367"
"DSCF8536.jpeg",,"photography","https://drive.google.com/open?id=1JN5WYOqTH2Fb6Lp8ksI6omFJjbmJvDabzA","62.771603","27.808002"
"DSCF8537 - DSCF8540.jpeg",,"photography","https://drive.google.com/open?id=1be4Dvr_9fj_cFjzwDMLaHihFleeQO7CuYw","62.771718","27.808936"
"DSCF8541.jpeg",,"photography","https://drive.google.com/open?id=1IvmLsfWdXMGyB93sQv67QI0Xr8PuklDX7g","62.549242","27.773799"
"DSCF8542.jpeg",,"photography","https://drive.google.com/open?id=1sRZQ5no0qDC6g_onkqRPbukOln0FcJmZDg","62.549242","27.773670"
"DSCF8543.jpeg",,"photography","https://drive.google.com/open?id=1M4ovFoWFCwc5MDMKzNjJlS-KbYMQY8XD_w","62.548777","27.774174"
"DSCF8544.jpeg",,"photography","https://drive.google.com/open?id=17vYAfmDN4U25wKyl3Qnfg7nAQGtJ_RofAQ","62.548703","27.774131"
"DSCF8545.jpeg",,"photography","https://drive.google.com/open?id=1bwTs-pWfIU5uDNJ6h1VSS1c6Olof-NyD7A","62.490130","27.790042"
"DSCF8546.jpeg",,"photography","https://drive.google.com/open?id=1l13VURiDHTYW-BRvTHs2SOaTz2xvgAW7RA","62.490130","27.790128"
"DSCF8548.jpeg",,"photography","https://drive.google.com/open?id=1rGf7DtDjon-0qM3UDSLXh6YU13ZqVtLzEA","62.490130","27.790042"
"DSCF8549.jpeg",,"photography","https://drive.google.com/open?id=1hDN8iljqxA_wqdwEK22-U80n7IWy0_Z3-g","62.490110","27.790042"
"DSCF8550.jpeg",,"photography","https://drive.google.com/open?id=1J7W59DIjmjrCgtvFPFPQ4bplPxBVh2KhVA","62.423059","27.920151"
"DSCF8551.jpeg",,"photography","https://drive.google.com/open?id=1cuOafa1FcCwG6TXLa7O5Qv2Dx3ZdcdLlPg","62.423005","27.920108"
"DSCF8553.jpeg",,"photography","https://drive.google.com/open?id=1AlRhvO_xFGfRj748iVdoKCMl8B6P1v0R0A","62.116174","28.471752"
"DSCF8554.jpeg",,"photography","https://drive.google.com/open?id=17Qf32t9J0YffcQsy-BgBGMiAp59MI80apg","62.115852","28.472182"
"DSCF8556.jpeg",,"photography","https://drive.google.com/open?id=16jkEn7vRE3gZFjB_j8ciCveWZ-pjCj8S_A","62.116736","28.478919"
"DSCF8557.jpeg",,"photography","https://drive.google.com/open?id=1FH33LktxGdUVD7Fh3zrZsfvuW1Pr5in3HA","61.994221","28.660022"
"DSCF8560.jpeg",,"photography","https://drive.google.com/open?id=1RATRi9Tya2Y03niXYc0x9ai0qqa4zfE5nQ","61.794920","28.934938"
"DSCF8561.jpeg",,"photography","https://drive.google.com/open?id=1o1uOh_b0HRxEryPDaHWzNSAl7GQbzr_etA","61.793825","28.938886"
"DSCF8562.jpeg",,"photography","https://drive.google.com/open?id=17YwEGzvyWFslxavKmmgpX9N0J59EPbMB_A","61.703002","29.046689"
"DSCF8563.jpeg",,"photography","https://drive.google.com/open?id=11H_79fWEuVuitvNT63LnD1Ho1qZR-WoNAQ","61.702972","29.046561"
"DSCF8582.jpeg",,"photography","https://drive.google.com/open?id=1YlJXQFE-KF-JyM0nGIXAtzzHg3V-shcV1g","61.702849","29.045810"
"DSCF8583 - DSCF8593.jpeg",,"photography","https://drive.google.com/open?id=1iP7bMxZqEGK38t7AozBESpHslD4Oom5FuA","61.701639","29.043900"
"DSCF8594.jpeg",,"photography","https://drive.google.com/open?id=1Dj9nnX3VairFDH7-wLAnnkJme3hZHPn6Dg","61.774021","29.345552"
"DSCF8599.jpeg",,"photography","https://drive.google.com/open?id=1Kw80lv-1i4a5W5NPF0ui-CZ6ks5efxvUDQ","61.773859","29.342161"
"DSCF8600.jpeg",,"photography","https://drive.google.com/open?id=1iamrdGW_fjm3DlVKdtSSgtEVlgViydCW5w","61.775726","29.339200"
"DSCF8601.jpeg",,"photography","https://drive.google.com/open?id=17j-FcgTDfZYb1ucJ3ZS69j-xfEu0yzQ3pA","61.756703","29.119431"
"DSCF8602.jpeg",,"photography","https://drive.google.com/open?id=1BpxkrQRusUKG_z8JLILSenPEMHjpGk5jWg","61.757059","29.119109"
"DSCF8603 - DSCF8607.jpeg",,"photography","https://drive.google.com/open?id=1h-uUJtS0nvcb-mpHmaZeiDtnx9K72qsHtg","61.755942","29.118873"
"DSCF8608.jpeg",,"photography","https://drive.google.com/open?id=1XhM8IXgDdWdYxz4Tkkc7ncg8esM1tGL0iA","61.776051","28.756195"
"DSCF8609 - DSCF8621.jpeg",,"photography","https://drive.google.com/open?id=1LNvNQyPRlbO4pDdIPSC6RrFSH_dGfbzMkA","61.775787","28.753363"
"DSCF8622.jpeg",,"photography","https://drive.google.com/open?id=1LrGT4D4-QEcpQLb61pOnUTkoeyKf82e93Q","61.623407","28.531255"
"DSCF8625 - DSCF8630.jpeg",,"photography","https://drive.google.com/open?id=1C4SgvJX295EV3cRJDc_HjZFrXzBZhbbutg","61.623019","28.531126"
"DSCF8632.jpeg",,"photography","https://drive.google.com/open?id=1qdGlIfuEEJ2fyJzgcY0rzkQjU8XgKAwF8Q","61.622938","28.531104"
"DSCF8635.jpeg",,"photography","https://drive.google.com/open?id=10vEM6KZZ_9qu0T7RQodV4E1xx9fENbbhGA","61.622744","28.531727"
"DSCF8637.jpeg",,"photography","https://drive.google.com/open?id=1oeGToBwZmD4F-606QYNLA_cKrDQsnQ3jrA","61.390433","27.692654"
"DSCF8638.jpeg",,"photography","https://drive.google.com/open?id=1Q4blcrveXvFiMilg1pe3zzQpocP71PFk_w","61.390536","27.692676"
"DSCF8640.jpeg",,"photography","https://drive.google.com/open?id=1rgTUjiUD1OzjftdpxqdENsLngqc4bOjBkA","61.390223","27.692032"
"DSCF8641 - DSCF8643.jpeg",,"photography","https://drive.google.com/open?id=1uKaW2yMmlkkbTy1gq6foIfrZ3tSE8o48TA","61.389980","27.690586"
"DSCF8644.jpeg",,"photography","https://drive.google.com/open?id=1__zp42qjxvNYY6m6k4q_fwx8NX_Hg_rdnQ","61.389812","27.692633"
"DSCF8645.jpeg",,"photography","https://drive.google.com/open?id=12V0bQ4sNXF25lXZPP2jO-SzDHUZ6kQslTA","61.390305","27.692515"
"DSCF8646 - DSCF8649.jpeg",,"photography","https://drive.google.com/open?id=147EvLB7XpHHQFo3LyCkD7o_wa9nAjP5bkQ","61.510615","27.245007"
"DSCF8650.jpeg",,"photography","https://drive.google.com/open?id=1S4yimnpDbS5kuYVeXqRIIWxVyqc4OysHnA","61.508056","27.260027"
"DSCF8651.jpeg",,"photography","https://drive.google.com/open?id=1Dp6-ujZwcszIdKPr-mEbtg41uNexbRcVag","61.505743","27.258182"
"DSCF8652.jpeg",,"photography","https://drive.google.com/open?id=1iQdyOUxD_YMixFpIL3J-xTD6ooC_E6l4Ag","61.505108","27.258697"
"DSCF8653 - DSCF8655.jpeg",,"photography","https://drive.google.com/open?id=1uhzybZF0ASCsSNALA1LxRoKrcHWTvS0iyg","61.500921","27.262602"
"DSCF8656.jpeg",,"photography","https://drive.google.com/open?id=1p3-XklRymsnF-d6CyO_oN68tvy9D8XJDRA","61.444186","27.542644"
"DSCF8658 - DSCF8659.jpeg",,"photography","https://drive.google.com/open?id=1Ouc1htrR-S6JbdASYQLTmu9jNLGTpQ3zkg","61.407361","27.559027"
"DSCF8661.jpeg",,"photography","https://drive.google.com/open?id=1ShyVr9kmxbM4jy4qc3WE-QC0-EybuVdiqw","61.407413","27.563447"
"DSCF8662 - DSCF8665.jpeg",,"photography","https://drive.google.com/open?id=1QXn1XoQeqMyyaZIsVmGIuL5-qreKwn3qzQ","61.406853","27.564498"
"DSCF8666.jpeg",,"photography","https://drive.google.com/open?id=1X3EGXQeu-Z5Gvd8AvFSUht1_Ta4j3cMOgw","61.406858","27.563232"
"DSCF8667 - DSCF8669.jpeg",,"photography","https://drive.google.com/open?id=1Xe1k0vPIgDJuWeGCf5PIF-hmMLQRWsPfIg","61.325299","28.103914"
"DSCF8670.jpeg",,"photography","https://drive.google.com/open?id=1XiROXQmAZsPkEsSS7iuLqu81yLkjWqBEpA","61.321675","28.106017"
"DSCF8672.jpeg",,"photography","https://drive.google.com/open?id=1Ev-ssFldXhUeLNj9vzHKqNx4xpfJA5mxgA","61.322993","28.100696"
"DSCF8673.jpeg",,"photography","https://drive.google.com/open?id=1P4zhLGAHSs19aSQzwJ_1pOBX16feGXM54g","61.323631","28.099709"
"DSCF8674.jpeg",,"photography","https://drive.google.com/open?id=1tjQTWc21G04JUA6xlrONo1wCswFRBvumSQ","61.325340","28.101811"
"DSCF8675 - DSCF8678.jpeg",,"photography","https://drive.google.com/open?id=1EPma2nogaVp-gWMfbW55EQvqCeYbk9g25Q","61.326596","28.103228"
"DSCF8679 - DSCF8681.jpeg",,"photography","https://drive.google.com/open?id=1JMQ4Tk2K7zK0GbUQm8DIlxTlqs7Tf-kZuA","61.326545","28.104665"
"DSCF8683.jpeg",,"photography","https://drive.google.com/open?id=1DREY0oYSjLAPRTC8deoww9qOBDE9vtc-TQ","61.230266","28.463030"
"DSCF8690.jpeg",,"photography","https://drive.google.com/open?id=1poNHCTteN348dtHiFKr0Qwm9DxxdT5HJ1g","61.623631","28.536104"
"DSCF8692.jpeg",,"photography","https://drive.google.com/open?id=1JJzTJ2OuwmCa4vLLxc31-U5JQFpxRApBEw","61.623611","28.536104"
"DSCF8693.jpeg",,"photography","https://drive.google.com/open?id=1FaLGae8tf_S0-gUSFX0OGrCfKpWNrl91Mg","61.625773","28.532692"
"DSCF8694.jpeg",,"photography","https://drive.google.com/open?id=1tpmWHZkcT53jTamzoD7kJVVfyjYDIdTMOA","61.625385","28.532478"
"DSCF8700.jpeg",,"photography","https://drive.google.com/open?id=1mTbSNIN1FGEEG-6ilqyzWdKBRBpK6uZYhw","61.078513","28.259641"
"DSCF8704.jpeg",,"photography","https://drive.google.com/open?id=18PW9gbGRMJgQV-lOXdDUqqRqN3qbkoNlww","61.076381","28.187010"
"DSCF8706.jpeg",,"photography","https://drive.google.com/open?id=1KrpuY0wlmmNh4rP1NEe7jAaT0fOL95bXbw","61.076386","28.187010"
"DSCF8707.jpeg",,"photography","https://drive.google.com/open?id=1e6i7v3jKfB0r_0F63xm8JkhUuOMDKnQUNw","61.077642","28.184424"
"DSCF8709.jpeg",,"photography","https://drive.google.com/open?id=1_o8E5mMqIc1Zn17f16md0g5HRnNIJcR2Nw","61.076397","28.185272"
"DSCF8710.jpeg",,"photography","https://drive.google.com/open?id=1qQ9osYO3MWqdXfh5pucq1WtsPrgHHmVKQw","61.076610","28.187568"
"DSCF8711.jpeg",,"photography","https://drive.google.com/open?id=1qHwuUiP1aWrH8zZ-k3ThbVmyKq5oRjsa7Q","61.233253","28.452154"
"DSCF8715.jpeg",,"photography","https://drive.google.com/open?id=1az-5aW9_f7QckgM5zQrUmY-LckQ5y4Afnw","61.233481","28.452282"
"DSCF8716.jpeg",,"photography","https://drive.google.com/open?id=1cE7HAQ5Mr9oSDpgnMnfyN04u8B6n0MUEqQ","61.229185","28.461252"
"DSCF8718.jpeg",,"photography","https://drive.google.com/open?id=1dHAq9z_VRkzaGSO5G4eRPf2jGFjzzCguag","61.491504","28.155878"
"DSCF8720.jpeg",,"photography","https://drive.google.com/open?id=1L8j_Qo51771m7x-qBPzPSIucN4gqJhDMhQ","61.521438","28.175038"
"DSCF8730 - DSCF8743.jpeg",,"photography","https://drive.google.com/open?id=1bwdNp47bL5dMpr35o5EJEWrWR1MhwxAk_g","61.792893","28.773051"
"DSCF8744 - DSCF8747.jpeg",,"photography","https://drive.google.com/open?id=1JV-UQ5DojtkKNoF7M7h7-juBVpThjKH2SQ","61.792802","28.772107"
"DSCF8751 - DSCF8756.jpeg",,"photography","https://drive.google.com/open?id=1gfdFABhffkjuLDWLkRk_33H9Qu9csjNzEA","61.792984","28.772429"
"DSCF8757.jpeg",,"photography","https://drive.google.com/open?id=1oVdmhfdZyjtVkPFBrI_boM1ntoflQ230Yw","61.793045","28.772986"
"DSCF8758.jpeg",,"photography","https://drive.google.com/open?id=1EcsU7NG4DC9TLfwHgSFi_Kdb5kc-7KsI2g","61.793228","28.773158"
"DSCF8768.jpeg",,"photography","https://drive.google.com/open?id=19iKWmReAKdd6H7VbMTYQ8aOoNGswq-WGRA","61.792660","28.772965"
"DSCF8769.jpeg",,"photography","https://drive.google.com/open?id=13BY5bedfmPnJ-s00dgqYHVz_6XXJOBx9VQ","61.792660","28.772965"
"DSCF8775.jpeg",,"photography","https://drive.google.com/open?id=1MkW8BfkzZcJbf0K5_NerT9atrqPfjChQ-w","61.792521","28.772974"
"DSCF8776.jpeg",,"photography","https://drive.google.com/open?id=1X6bq_ZGiIKPkOvUoI7ElsLwOlklJ427JoQ","61.792521","28.772974"
"DSCF8777.jpeg",,"photography","https://drive.google.com/open?id=1dRVJQr6TdvgeyP4vzgYuER62J7m1Bu4DAw","61.795459","28.765197"
"DSCF8778.jpeg",,"photography","https://drive.google.com/open?id=1SW2P_1FUFTmt8KnXLVbP1um1_BlO_mtbPA","61.792521","28.772974"
"DSCF8779.jpeg",,"photography","https://drive.google.com/open?id=1B_sHh5RBVPlhOzGoJp-pb3gxwPbxEV7DuA","61.868091","28.878628"
"DSCF8780.jpeg",,"photography","https://drive.google.com/open?id=1CZVP-i5Il4oWOk7hg9NAo70GQUvNHwc5Hw","61.868152","28.879529"
"DSCF8781.jpeg",,"photography","https://drive.google.com/open?id=1B5xxpUrSxXjzs1jnn4d2LO4F8-D9GBCviw","61.864458","28.894421"
"DSCF8782.jpeg",,"photography","https://drive.google.com/open?id=1lH0R1UUiCTjtOegWOEKH-p-B-KbCB-fPDA","61.866462","28.903841"
"DSCF8783.jpeg",,"photography","https://drive.google.com/open?id=1oRm0y2was9XuniMfg3MQXPdQ-uJVPfVmTQ","61.866411","28.903970"
"DSCF8788.jpeg",,"photography","https://drive.google.com/open?id=1_6Z30TfIBsYJkPydgzuzsbWgrnhTQmcqNA","61.994250","28.659019"
"DSCF8790.jpeg",,"photography","https://drive.google.com/open?id=1Q_17xAokRhC3VmUyelNmzq0fQa2DWch6pg","61.997696","28.654856"
"DSCF8791.jpeg",,"photography","https://drive.google.com/open?id=1glKg1_gngdgnNY_YaS_8virEuyRxoeqmHw","61.993041","28.646659"
"DSCF8795.jpeg",,"photography","https://drive.google.com/open?id=1MFOiviTFSCX1sAda1WBrYbe3rfFPT0S8Sw","61.994233","28.659034"
"DSCF8797.jpeg",,"photography","https://drive.google.com/open?id=1y0BETOF2Jf6msXRhthPlYgoYXV4wTEvU4g","62.103342","28.781850"
"DSCF8798.jpeg",,"photography","https://drive.google.com/open?id=1XZcdvzdJ2Utlfwu4lCFyxyeJVxPw5pkRZw","62.104109","28.783379"
"DSCF8799.jpeg",,"photography","https://drive.google.com/open?id=1hB0voojWlGYqN64RGiP5n_3b_Psz6ZM7dg","62.114500","28.814056"
"DSCF8803 - DSCF8808.jpeg",,"photography","https://drive.google.com/open?id=1gSqRkuPuzAFr9IYsbc8XNU6BtoQ3ad8eSA","62.114619","28.812833"
"DSCF8809.jpeg",,"photography","https://drive.google.com/open?id=1xlYGCueL-TpLLmo_bQ9SuRsMSTONftCAaw","62.114348","28.813627"
"DSCF8811.jpeg",,"photography","https://drive.google.com/open?id=1YOrn-_T_3WR3bhC6YU7lYlODzY9QPbNrfg","62.114569","28.813434"
"DSCF8813.jpeg",,"photography","https://drive.google.com/open?id=1PZdnLH4Xt1CxSERIg4cQyyVcr1YRn61CwQ","62.167215","29.207587"
"DSCF8814.jpeg",,"photography","https://drive.google.com/open?id=1L4TE0p8Qbu969u58o3r229LWLBpYmH6PwQ","62.166734","29.207930"
"DSCF8815.jpeg",,"photography","https://drive.google.com/open?id=1EOKo-EF-Y7M3evCIZqzA1ptU1wNwAnpE1A","62.167175","29.207673"
"DSCF8816.jpeg",,"photography","https://drive.google.com/open?id=1q-sZDH1ylyWmDBHHdeIOdqrL8mgyYwEt6Q","62.167851","29.207031"
"DSCF8817.jpeg",,"photography","https://drive.google.com/open?id=1kZQ5HWooTqfBxRhbZCkMQUUrHhJVhhHnww","62.167891","29.207289"
"DSCF8819.jpeg",,"photography","https://drive.google.com/open?id=1n5l5a7owYu1Fh8LnHxOJtdir8HIh_E0-Fw","62.168633","29.207289"
"DSCF8820.jpeg",,"photography","https://drive.google.com/open?id=1vU0BjOSjbgNXLHEcyUI0wO1KgkB1n5MYYA","62.170837","29.208490"
"DSCF8821.jpeg",,"photography","https://drive.google.com/open?id=1f11XkIQ6iz538MmoW0m8ziqsTcJsZ39P2w","62.170797","29.208490"
"DSCF8822.jpeg",,"photography","https://drive.google.com/open?id=1Di6mqBxQVs92-pEEGe2PgdFAcwSZ-z-giw","62.171758","29.208748"
"DSCF8823.jpeg",,"photography","https://drive.google.com/open?id=1KqOKMDSIvlUzqmBH0IarCf-OjzSnEwQzyQ","62.172039","29.208834"
"DSCF8824.jpeg",,"photography","https://drive.google.com/open?id=1x8t66OE7RkT4_n5hfz6d_e_Fmn5akkuwGg","62.172680","29.209435"
"DSCF8825.jpeg",,"photography","https://drive.google.com/open?id=1q_71L04Jr_O-kSLR5Kg6YhkMdQlJqhcI7g","62.169635","29.202139"
"DSCF8827.jpeg",,"photography","https://drive.google.com/open?id=1dS6GEJLHImx1IpWXD2X9ezBpmKSE8mLYxA","62.358336","29.305479"
"DSCF8828 - DSCF8835.jpeg",,"photography","https://drive.google.com/open?id=1fBgXFKNhn52zerzjjxa7wqOMuq2mNad0tA","62.421782","29.706823"
"DSCF8836.jpeg",,"photography","https://drive.google.com/open?id=1BSYpdDhmJS0Q4yOMRgc3Rn4k1ZOi26td0A","62.421993","29.707439"
"DSCF8838.jpeg",,"photography","https://drive.google.com/open?id=1f0yhLf4yQ75-Idpc4tcFE48wPo1pCP_etQ","62.421993","29.707439"
"DSCF8841 - DSCF8845.jpeg",,"photography","https://drive.google.com/open?id=1hJ4jfhOxHBZjdW84efXM3RVBoFEFy3Dfmw","62.590987","29.739668"
"DSCF8846.jpeg",,"photography","https://drive.google.com/open?id=1pNkab7A9epn_nuBvys5FWc0qzGCZGLZYqg","62.591081","29.741566"
"DSCF8847.jpeg",,"photography","https://drive.google.com/open?id=1ru1R5V7d9zCUw-QCOJcMX-Grk32gXXba2Q","62.591209","29.742210"
"DSCF8848.jpeg",,"photography","https://drive.google.com/open?id=1BWS-Hecb9lFt7KAV2soc779lkTTg5wKDCQ","62.591189","29.742188"
"DSCF8849.jpeg",,"photography","https://drive.google.com/open?id=1RyVzDtdbIuIsuRxc1uJ_eV00nTcc4iRwPg","62.591259","29.742210"
"DSCF8850.jpeg",,"photography","https://drive.google.com/open?id=1T1BkGDAnDVddWbrRI3YuCwOBEPto8WK5Hg","62.594429","29.757338"
"DSCF8851.jpeg",,"photography","https://drive.google.com/open?id=1aOGvRHGbNC1FwL4TT79fvjStRdgEN6tLpQ","62.595138","29.758604"
"DSCF8852.jpeg",,"photography","https://drive.google.com/open?id=1yVV3LiOsHf36QksIgDw4AX_a4-F1BrkhVQ","62.596523","29.759215"
"DSCF8853.jpeg",,"photography","https://drive.google.com/open?id=190E-A2dooU-FtFGsvR2vtpZRETEGy8PJyQ","62.598340","29.761565"
"DSCF8854.jpeg",,"photography","https://drive.google.com/open?id=1B2RymiRNEdePjTrM2Nx8trYyW2-WhnIj-A","62.601332","29.758507"
"DSCF8855.jpeg",,"photography","https://drive.google.com/open?id=17NhE6UxQlBe1hb_QbbwhBypbvMP4r0fRsw","62.601243","29.758657"
"DSCF8857.jpeg",,"photography","https://drive.google.com/open?id=17Y8qOpRYB8e9c0IAuP75C7KWe3lWqM_WAw","62.601243","29.758657"
"DSCF8858.jpeg",,"photography","https://drive.google.com/open?id=1Oj26aBvUZf5SDe1VoC6i4efdxGXTEhG5_A","62.601796","29.759515"
"DSCF8859.jpeg",,"photography","https://drive.google.com/open?id=1h3mVE1o44PUNPYkqn-edHlzev62fnJ_jFQ","62.600730","29.758915"
"DSCF8862.jpeg",,"photography","https://drive.google.com/open?id=1Rf-cshGOAhQUxxnpt_xWtXIwDT4PlojGbA","62.602270","29.764751"
"DSCF8863.jpeg",,"photography","https://drive.google.com/open?id=130aOd0U1-phLAL7IjRVMiin6OyrYgRPdzw","62.600927","29.765352"
"DSCF8864.jpeg",,"photography","https://drive.google.com/open?id=1_UK2PRxTUv4htJpSdrthpRDblw6MZefYLg","62.600414","29.763378"
"DSCF8865.jpeg",,"photography","https://drive.google.com/open?id=1TNDexK4-JwJ_VnjjlmsOupqsaPprVDSd9w","62.600572","29.763206"
"DSCF8867.jpeg",,"photography","https://drive.google.com/open?id=1Of9ctjvlc1K2V5C819pnNb0CQ7Yp0iy1QA","62.600374","29.763206"
"DSCF8868.jpeg",,"photography","https://drive.google.com/open?id=1fZcjM1Xg9ShGQqtkMjO6_y5N9isqPmD0_A","62.599505","29.763378"
"DSCF8869.jpeg",,"photography","https://drive.google.com/open?id=1vYfrBN6iHTqM5kY19147VayYcbagTlQkaw","62.599940","29.759515"
"DSCF8870.jpeg",,"photography","https://drive.google.com/open?id=1q3APITuV-XIEXojzYcjwIbTWfMKdNzhDGw","62.599821","29.759258"
"DSCF8872.jpeg",,"photography","https://drive.google.com/open?id=1lXuA_Z3I8EO9hHYocRiy4e9CRWf4mgnXwg","62.594409","29.755653"
"DSCF8874.jpeg",,"photography","https://drive.google.com/open?id=1zMuYdr-6hhubZLr00QUnITmc6vstBld84Q","62.595437","29.753765"
"DSCF8875 - DSCF8883.jpeg",,"photography","https://drive.google.com/open?id=1FIT0RvQj8LngUBFFaQGFzSUOdv4bpi8jbg","62.442727","29.695259"
"DSCF8884 - DSCF8886.jpeg",,"photography","https://drive.google.com/open?id=1qUpTA464tbDLV0DmB6_4zTcPiCjp5Ee3UA","62.442564","29.694687"
"DSCF8887.jpeg",,"photography","https://drive.google.com/open?id=1Tb1qD6AgQ6jStIuZYCrCiuDH9Ue5CN1XyA","62.442448","29.695093"
"DSCF8888 - DSCF8894.jpeg",,"photography","https://drive.google.com/open?id=1pgyukRbF4MI3lZc-ok7PDox-RZn6pLxC7Q","62.142636","28.891497"
"DSCF8896.jpeg",,"photography","https://drive.google.com/open?id=1ZTx6a2sBBN7W2PWc6fVT_w0ep33RCcYvMA","62.142917","28.891497"
"DSCF8898.jpeg",,"photography","https://drive.google.com/open?id=1cP0k1ZBqzYyv2zXnsI0wqOYO7x_Jkj-i5g","62.143148","28.890703"
"DSCF8900.jpeg",,"photography","https://drive.google.com/open?id=186oBu-rTKhI_pKIiQvoZd0fS5oxEE-g-Iw","62.142834","28.889872"
"DSCF8901.jpeg",,"photography","https://drive.google.com/open?id=1_iOLdB71LISwbpL8sxiOn0FSLwc2zMjVHQ","62.152521","28.889437"
"DSCF8902.jpeg",,"photography","https://drive.google.com/open?id=1ZY1TKsZCieFW6JBCSb63SM1EqA6Uhjq6gw","62.158775","28.900767"
"DSCF8904.jpeg",,"photography","https://drive.google.com/open?id=1OAU9dFsR_xY1G3VZAg1OzAthELMY8SpwNQ","62.162342","28.898879"
"DSCF8905.jpeg",,"photography","https://drive.google.com/open?id=1mw1MbNGlzanqHzWXqyBQkMCCd1rj7h-bRw","62.159416","28.882528"
"DSCF8906.jpeg",,"photography","https://drive.google.com/open?id=1BUWPu1ta_kimU5n0HugW3utc-zPUZ85Dpw","62.146907","28.880125"
"DSCF8907 - DSCF8915.jpeg",,"photography","https://drive.google.com/open?id=14RZt2oteSs1HgdumEuj8JauYY66jv9jgDw","62.146306","28.883386"
"DSCF8917.jpeg",,"photography","https://drive.google.com/open?id=1C_s8nA1B54T37uY5vbvCAFK_a5X9vo8BZg","62.143000","28.890134"
"DSCF8918.jpeg",,"photography","https://drive.google.com/open?id=1dJaSVuE3CTNHibYghTdH2AWyCo5Ahzg1Tw","62.142336","28.889265"
"DSCF8919.jpeg",,"photography","https://drive.google.com/open?id=1vulNwKC0QOHK_JVmpHdt29zesx5JSqBLtA","62.142446","28.890596"
"DSCF8920.jpeg",,"photography","https://drive.google.com/open?id=1w3kxidEcVg3-2I6WOkrzi3OZyhbwLHQmbg","62.150577","28.925744"
"DSCF8921.jpeg",,"photography","https://drive.google.com/open?id=1R7Hi2Jyk6GSdHp5Nqkw6bsSPkxEIyBP-9g","62.150617","28.925658"
"DSCF8922.jpeg",,"photography","https://drive.google.com/open?id=1JFbzywKEZv-CuuSOGTxZOFQglJeHd2v4zA","62.147609","28.956643"
"DSCF8923.jpeg",,"photography","https://drive.google.com/open?id=1rDeUAVat5l7BdIlMx2Nh5JePQYqBh6RhLw","62.147690","28.956643"
"DSCF8925.jpeg",,"photography","https://drive.google.com/open?id=1eG4DGlH4ktrSN4i_mfqD3guZqbe4pz54IA","62.147690","28.956814"
"DSCF8928.jpeg",,"photography","https://drive.google.com/open?id=1blpnomlkjnfVY5cblUC1szHWsDMeNFV7jg","62.159176","28.942180"
"DSCF8929.jpeg",,"photography","https://drive.google.com/open?id=1Ko2lSQ3PE6QpbBrjWzHtIyPQDwkfwouUVA","62.149294","28.888236"
"DSCF8930.jpeg",,"photography","https://drive.google.com/open?id=1Rue6zsmNwWJ49WovV9YsrAZyC3ip_TcnIg","62.115240","28.606878"
"DSCF8931 - DSCF8934.jpeg",,"photography","https://drive.google.com/open?id=1527Ygw2apK5lglnxHj5GyqoCmAaPx4GeZw","62.115260","28.606256"
"DSCF8935 - DSCF8939.jpeg",,"photography","https://drive.google.com/open?id=14-CjDjDYf9TUvFKJxkAMpuMJvAewLVdGVg","62.114306","28.606428"
"DSCF8940.jpeg",,"photography","https://drive.google.com/open?id=1sUoGNNMyxmoVlID3xp-S0l8QdqiMEukkrg","62.176155","28.304826"
"DSCF8941.jpeg",,"photography","https://drive.google.com/open?id=1IY-t0EtI5zwZCy0PMXm2TfLuMEwDuhNxhw","62.167640","28.366140"
"DSCF8943.jpeg",,"photography","https://drive.google.com/open?id=1-caoER7MTYXyHyP_Xw2oBQWfIS_-BryR3w","62.167706","28.366112"
"DSCF8944.jpeg",,"photography","https://drive.google.com/open?id=1HMgp7DbfUv9I92ddn1K5AF9Nz-wgyKYz2Q","61.799210","28.923738"
"DSCF8945.jpeg",,"photography","https://drive.google.com/open?id=1vNGAVvOK9Lny6mw8wQkhDSL3L8QTFOaNvg","61.799048","28.925111"
"DSCF8946.jpeg",,"photography","https://drive.google.com/open?id=18PvjTH7hGVvL7Jahys_x--sRfdnvKM9Ymg","61.799043","28.924414"
"DSCF8947.jpeg",,"photography","https://drive.google.com/open?id=1n9XdQWREE5aDyuGXloCgiCqlPxCsv818jQ","61.703615","29.026357"
"DSCF8950.jpeg",,"photography","https://drive.google.com/open?id=1qcxCEj93W0uQSX6gk5NHrvYITQ-IxywzVg","61.692119","29.028975"
"DSCF8956.jpeg",,"photography","https://drive.google.com/open?id=1LqlDzzDk-tE2Eb4tSPiiinCTBpPgillBcA","61.702763","29.046058"
"DSCF8965.jpeg",,"photography","https://drive.google.com/open?id=1dfKcpbpCdeJYL8BxK7A3O_nkQ1vhIFmAHw","61.621329","28.545513"
"DSCF8966 - DSCF8970.jpeg",,"photography","https://drive.google.com/open?id=1iLeycmocmJD2SDYXE3auYH4YkrNC081ejg","61.490202","27.888372"
"DSCF8971.jpeg",,"photography","https://drive.google.com/open?id=1gP0eExNtinDICoY_MKKqEYvq4qzfHRO7bw","61.361868","28.100956"
"DSCF8973.jpeg",,"photography","https://drive.google.com/open?id=1_nYWlspTrhsoDveEDJCX4Hz0UIUI0-UUig","61.276196","28.059902"
"DSCF8974.jpeg",,"photography","https://drive.google.com/open?id=1B5TlouciSlHzE1x2nNJ-55wKJRMqkWnECg","61.276072","28.062155"
"DSCF8978.jpeg",,"photography","https://drive.google.com/open?id=11cnir7drsvG1S-1tWEIVhh6awFpfVQ06XQ","61.268523","28.045418"
"DSCF8979.jpeg",,"photography","https://drive.google.com/open?id=1Fp2SEKZNX0nY_kwq7ytoRp4jBv51NmQ-7Q","61.278960","28.051684"
"DSCF8980.jpeg",,"photography","https://drive.google.com/open?id=1eDnRQ4_J0eRJ3bZthmaJyOgvgM1RCdcv_A","61.278795","28.051856"
"DSCF8981 - DSCF8992.jpeg",,"photography","https://drive.google.com/open?id=1lTQFdyPkxOjelcwnOfImF6Y3GuMZZioZJA","61.277207","28.060482"
"DSCF8995.jpeg",,"photography","https://drive.google.com/open?id=1zrIPrcB087RAHzvXlQwbOQ0UZHmiz-lYQw","61.232445","28.460100"
"DSCF8997.jpeg",,"photography","https://drive.google.com/open?id=1q5mW77NDFl5kkfq3CccM3qd0xv8i-JqgVQ","61.232497","28.460111"
"DSCF8998.jpeg",,"photography","https://drive.google.com/open?id=1fuZzZAUIQAZSej4ViTsVKpJuAaUN3Qc0Mg","61.061983","28.186678"
"DSCF8999.jpeg",,"photography","https://drive.google.com/open?id=1cpomp5MaQDPvibEawRHSSgevMXNemHoLzQ","61.062003","28.186700"
"DSCF9001.jpeg",,"photography","https://drive.google.com/open?id=1XqPG4JozkNTWY1chIDtS4bZX5q0RiSxszg","61.062003","28.186700"
"DSCF9002.jpeg",,"photography","https://drive.google.com/open?id=1whipILz3UOb5QI0-W_dV67PNgqaciNCFHA","61.062014","28.186721"
"DSCF9003.jpeg",,"photography","https://drive.google.com/open?id=1IRSbfB6gOKtQjET4pHQRGFOf4b0HskE_jg","61.062014","28.186700"
"DSCF9004.jpeg",,"photography","https://drive.google.com/open?id=1shEOOWk1539CXknVCfoLJ6Ex6l1hs9t1Wg","61.060228","28.185091"
"DSCF9005.jpeg",,"photography","https://drive.google.com/open?id=1zEr-gct66Jk9FXHZR2hoMTSYj62DZ_xEbA","61.058494","28.186571"
"DSCF9007.jpeg",,"photography","https://drive.google.com/open?id=1iUg-T5Tg_ZQAUekMwKqsagZxNjB5ttwZbw","61.068087","28.187408"
"DSCF9008 - DSCF9013.jpeg",,"photography","https://drive.google.com/open?id=1BQ3GFrgq8W-w7OSG53q-nmlhYokohu0vCw","61.078663","28.261051"
"DSCF9015.jpeg",,"photography","https://drive.google.com/open?id=14XZe5B_j-VJVDQX-_4aT0wLrkJ2GAGbX3Q","61.872223","28.879581"
"DSCF9017.jpeg",,"photography","https://drive.google.com/open?id=1lb9IqcMQ3EkI0Uj_sLVQ1afEV-TJ8U1NwA","61.870949","28.881083"
"DSCF9018.jpeg",,"photography","https://drive.google.com/open?id=1Lp_lo6gXKIa-S4SuX1zcXlZtncobQ412VA","61.870908","28.881470"
"DSCF9019.jpeg",,"photography","https://drive.google.com/open?id=10HlSWRNVxjHVZMgZk1dps3m7xNZOcou7Xw","61.870382","28.883701"
"DSCF9020 - DSCF9025.jpeg",,"photography","https://drive.google.com/open?id=11Vse5hsxGtLN8D1qZVVyYq30mwo-AE7F7A","61.878636","28.838297"
"DSCF9026.jpeg",,"photography","https://drive.google.com/open?id=152QTjai2mUc-bTEgoE4PhMbVU73UEYlMmQ","61.878495","28.836795"
"DSCF9027.jpeg",,"photography","https://drive.google.com/open?id=144ecyMtlMM_sbvZl9FI_mcicv0mmVMij-g","61.879021","28.836795"
"DSCF9028.jpeg",,"photography","https://drive.google.com/open?id=16vzkEzkPtUZ5YfnqJSdARJdD4U-cvWOxOQ","61.878495","28.838597"
"DSCF9029.jpeg",,"photography","https://drive.google.com/open?id=1NJUmv7MCOaEV1358MS-TN-pALpU6EGO0iQ","61.878009","28.842803"
"DSCF9030.jpeg",,"photography","https://drive.google.com/open?id=15ZlT5Viz7Gz5kF977cu6zxiUV6wZZKRAqw","61.715665","28.960030"
"DSCF9034 - DSCF9036.jpeg",,"photography","https://drive.google.com/open?id=1pUGXHt4B-rljYBvppCMgmB333NeRtruA7w","61.702330","29.044079"
"DSCF9037 - DSCF9041.jpeg",,"photography","https://drive.google.com/open?id=1Vo0pSL5TUY12krXK0efzyg3r-RmNbNSaQw","61.714784","28.963763"
"DSCF9042 - DSCF9046.jpeg",,"photography","https://drive.google.com/open?id=1iUXima8IOx_cQOz8NyaqJBr_RAjxuVDFrQ","61.714803","28.974319"
"DSCF9047 - DSCF9052.jpeg",,"photography","https://drive.google.com/open?id=1kAo1JOqfr5juxycWuUYGB4CGVl3r2g9spw","61.714804","28.974320"
"DSCF9054.jpeg",,"photography","https://drive.google.com/open?id=1RPdsCqQWQAR-KCHMkANF7inaN_adugpMgw","61.657851","29.087734"
"DSCF9056.jpeg",,"photography","https://drive.google.com/open?id=1bB5BIT3v7yD-pH8JrxeJBJQ8Wq2muPGtEQ","61.657525","29.087509"
"DSCF9057.jpeg",,"photography","https://drive.google.com/open?id=1R2h3ywpHKpqr-FkNN6Llht6aJJl3bPrwew","61.657728","29.086425"
"DSCF9059.jpeg",,"photography","https://drive.google.com/open?id=10hgUz_xdNSX2mB7GLI_IpNyWBpnaSxXe8w","61.657611","29.086018"
"DSCF9067.jpeg",,"photography","https://drive.google.com/open?id=1xV68v8BtprY88h2OsYLBp7WmJrhDcHiw0w","55.754000","37.620000"
"DSCF9072.jpeg",,"photography","https://drive.google.com/open?id=1Nhwr_5LtYGzsgHXPbSeUjuldMFvHT7en6w","61.778428","28.707635"
"DSCF9074 - DSCF9078.jpeg",,"photography","https://drive.google.com/open?id=1hVki2WmYQJyIdjT_IkqJ-vandySNTBNFvA","61.778661","28.709395"
"DSCF9081.jpeg",,"photography","https://drive.google.com/open?id=1jF3lzUIkVkVIphPzhDfn5AIBPVgvMEo7rA","61.776581","28.711240"
"DSCF9088.jpeg",,"photography","https://drive.google.com/open?id=1tNkedebh0AtgXjwEoZ0hSnYnVJpsahvjkA","61.776657","28.710784"
"DSCF9092.jpeg",,"photography","https://drive.google.com/open?id=1JdxsLUvmhjJwvsVCexdqu-x6EYQxc20B_A","61.455387","28.159233"
"DSCF9093.jpeg",,"photography","https://drive.google.com/open?id=1DMx-gnbp6ROq0sUJ2sAjSD40q7SzUZrQ_Q","61.455638","28.158450"
"DSCF9094.jpeg",,"photography","https://drive.google.com/open?id=1Mnvv0Mo7M31g-SELYS8RTt1fUGRUD5sUOA","61.454941","28.157882"
"DSCF9095.jpeg",,"photography","https://drive.google.com/open?id=1ChLZ48uhb4_7C0SOk4Tci0ViswMFnR5v7w","61.454033","28.154491"
"DSCF9096.jpeg",,"photography","https://drive.google.com/open?id=112VUSy8iMBwmmcKXCtVO1exXMadGIEzq0g","61.454013","28.154599"
"DSCF9098.jpeg",,"photography","https://drive.google.com/open?id=18m4A4KBlRK-BLRHFWiNhNSuL74sClpKurQ","61.453838","28.153418"
"DSCF9102.jpeg",,"photography","https://drive.google.com/open?id=14p0pk9IzXn2a0VOyXauMH-_9aSA0iYjpoA","61.211640","28.291197"
"DSCF9103.jpeg",,"photography","https://drive.google.com/open?id=1Fmv-9PwdnNfFLXHagowNJf-gPZtJJwBsfw","61.218629","28.283988"
"DSCF9104.jpeg",,"photography","https://drive.google.com/file/d/1FQKpLgE7G4GPGQys-OzF1A8zzxbJ85D9zA/view?usp=drivesdk","61.213696","28.287646"
"IMAG0127.jpg",,"photography","https://drive.google.com/open?id=1AiomrAW19l-FT5vvByzsK_PlyOynMk8SWw","61.078183","28.259272"
"IMAG0133.jpg",,"photography","https://drive.google.com/open?id=1RoH37pSjgWA65c6jgbd9sZdTSTlq2FlB_A","61.078192","28.259644"
"IMAG0150.jpg",,"photography","https://drive.google.com/open?id=1cyzBSDEjfvVuBknh7MbKmSlgSMT2TkDfXg","61.078244","28.259828"
"panoramio-31245328.jpg","Kerimaki-Raikuu fortifications.","photography","https://drive.google.com/open?id=1Yn8UOyP5pc7QcN-_wzAOeBWcpxtCXKfHkw","62.051791","29.445113"
"panoramio-31245336.jpg","Kerimaki-Raikuu fortifications. Within pillbox C.","photography","https://drive.google.com/open?id=1-6df9Y4ySPcVSdtasn-LpJIEiRxdzoW0bg","62.051690","29.445349"
"panoramio-31245347.jpg","Kerimaki-Raikuu fortifications. Pillbox C.","photography","https://drive.google.com/open?id=1WyvJwMkTfoTMqkjBWhqWJYQ2nQZk9Wg1Zg","61.742273","29.281670"
"panoramio-31591544.jpg","Pillbox 101","photography","https://drive.google.com/open?id=1rA5EEFTUL44TEfdC-AWdX20Q_qog3xxwwA","61.741323","29.280265"
"panoramio-31591558.jpg","Pillbox 102","photography","https://drive.google.com/open?id=15gXr0pJynVDpwWIV4p1CsdMsYqNuNnLy1w","61.742786","29.280973"
"SV0009.JPG","Holiday resort Naaranlahti","photography","https://drive.google.com/open?id=1i9r_Bth4gmV_Rrca-gidP3KnGXfYYoHONQ","61.800879","29.622579"
"SV0025.JPG","Bridge on Moinsalmentie ","photography","https://drive.google.com/open?id=1Uf3opybvryHRFqi9Wuh3sTlHESJoQd83Zw","61.764892","29.195450"
"SV0091.JPG","Savonlinna harbor City","photography","https://drive.google.com/open?id=1bVamkfMKaM7gSvLYyZ20VuVou0oDehtWKQ","61.866650","28.887021"
"SV0093.JPG","The Savonlinna Provincial Museum","photography","https://drive.google.com/open?id=12xh7xQEwWJ7AwH3uGyYxenikkjBMmPLY_g","61.864363","28.893415"
"SV0110.JPG","The Savonlinna Provincial Museum, Salama ship.","photography","https://drive.google.com/open?id=10ptKYiP8FXLG9sL5PlexAZqHw6uUBMeRUg","61.862967","28.893243"
"SV0113.JPG","The Savonlinna Provincial Museum, pier.","photography","https://drive.google.com/open?id=1Wxc7JmapLJkWAP5M5rBvuN2Y_XFKo5Uf3A","61.862967","28.893372"
"SV0122.JPG","Iso-Tuunas camp place, W location","photography","https://drive.google.com/open?id=1Xmt76vzCwJgx6tfnBSDTbmx6nFi36BwhUg","62.060136","28.586570"
"SV0124.JPG","Iso-Tuunas","photography","https://drive.google.com/open?id=1jXzN1q9cVF9SFYAkmWhTgAQg1febNwMaIw","62.059935","28.585583"
"SV0130.JPG","Brige in Oravi from S","photography","https://drive.google.com/open?id=14yS6BniQJh0Muj_ky-ZpOqeZcCYlpMHJTQ","62.110720","28.606308"
"SV0143.JPG","Hirviniemi camp location","photography","https://drive.google.com/open?id=1mFBnbyBhdyc3cmMokFlu62HA4pyTwy5TuQ","62.155438","29.155585"
"SV0144.JPG","Hirviniemi camp location","photography","https://drive.google.com/open?id=1aibQzZEdhtNRQAVPcusK2R8VYfCDDmVKvg","62.155268","29.155263"
"SV0163.JPG","Pistalanharju camp location","photography","https://drive.google.com/open?id=1e8WR7xto9dicN18ZpQdVVpRVAEPWnYC04g","62.089976","29.382604"
"SV0166.JPG","Pistalanharju camp location","photography","https://drive.google.com/open?id=1yebWjcsIjg2k76gbmcadEmsiCQnPpsADcw","62.089815","29.381273"
"SV0169.JPG","Raikuun kanava From bridge on Paasniementie to Sarkipukro","photography","https://drive.google.com/open?id=1OOSntEDGBkXKzSTYm1jLKHCFXV52jXzbdA","62.052448","29.445775"
"SV0171.JPG","Bridge on Paasniementie from W, Raikuun kanava","photography","https://drive.google.com/open?id=1nIklcC2qSH7Oz8o7IdA3a9iU72pkKWI8zw","62.053333","29.446762"
"SV501199_576x676.jpg","Saukonsaari","photography","https://drive.google.com/open?id=1bTJzg1tdK_5S8PREfhlShhk1pPRnkP5Rrg","61.659229","28.995865"
"SV501200_1024x768.jpg","Saukonsaari","photography","https://drive.google.com/open?id=1a__uATUmNv_-405BsHbzG6F8ZGLn-YYVMg","61.659494","28.996165"
"SV501201-SV501205.jpg","Saukonsaari","photography","https://drive.google.com/open?id=1FUFPKOfRy6lCahwy-MZ38HTVX8fYbYE3pQ","61.665931","29.003976"
"SV501209_1024x768.jpg","Tynkkyln Lomaniemi","photography","https://drive.google.com/open?id=1-xxe3KIxJamzE1G5PFpnhmzzlE4RmNi2XA","61.615703","29.228852"
"SV501213_1024x768.jpg","Tynkkyln Lomaniemi","photography","https://drive.google.com/open?id=1DcGP2GeKmCq8YhZdA2Fh-ViiG8emyDnUSA","61.616157","29.228670"
"SV501227-SV501236_3645x768.jpg","Savonlinna","photography","https://drive.google.com/open?id=1xqjDH13EWcIZa33CBheRCa3yoMjJnoa4RQ","61.863984","28.895271"
"SV501253_1024x768.jpg","Savonlinna - railway bridge","photography","https://drive.google.com/open?id=17dpC_3VQhfutkC3KSiKvIAA_dAueScNvQQ","61.865340","28.898790"
"SV501257_1024x768.jpg","Ahvioniemi","photography","https://drive.google.com/open?id=1zSCZ75r0WVmlLV8NRB5VOv1JnXOTOpKD8Q","61.708593","28.659387"
"SV501258_1024x768.jpg","Ahvioniemi","photography","https://drive.google.com/open?id=1VxOgdAzOR8JKS5mOYEfcPtAqcs5mb8_l0Q","61.708710","28.659730"
"SV501259_1024x768.jpg","Sulkava Linnavuori pier and coast. Tourist port #4485","photography","https://drive.google.com/open?id=1mh1ALTKzaEPeiqeKZ8sKBpBIO3WIV6F_vQ","61.751739","28.322941"
"SV501261-SV501266_3375x600.jpg","View from Sulkava Linnavuori","photography","https://drive.google.com/open?id=17WEsW-9aD1ARMOb7U849hScq2kvSlBuaIQ","61.754892","28.311429"
"SV501272-SV501274_1024x582.jpg","Kylmasaari. Tourist camp place #4445","photography","https://drive.google.com/open?id=1cbyNm7kIj3lxBCf9acw7WolLGiCz3EGJZQ","61.623597","28.251906"
"SV501277_1024x768.jpg","Kylmasaari. Tourist camp place #4445","photography","https://drive.google.com/open?id=10JdKc1HGb8n2hGNOMsEmcXkuL9cUKE42gw","61.624352","28.253172"
"SV501278-SV501279_1460x600.jpg","Kylmasaari. Tourist camp place #4445","photography","https://drive.google.com/open?id=1ExLdVt74vaSchu2gjXm1BvIpwqXoDvC4ig","61.624117","28.252614"
"SV501280_576x768.jpg","World War I fortifications","photography","https://drive.google.com/open?id=1Dm-fU7dEfzwr1S4FWwu-GGv5zVgmX6SppQ","61.471191","28.043251"
"SV501282_576x768.jpg","World War I fortifications","photography","https://drive.google.com/open?id=1DyNOnCr53ZtA8lTRyDhn6lLAwBFZNFYCvQ","61.470351","28.041363"
"SV501283_1024x768.jpg","Ykskoytinen. Camp location #4355","photography","https://drive.google.com/open?id=1dGmUoMfnszCZsDSMED17Db-m8xSCyqyF4g","61.525071","27.970982"
"SV501284_1024x768.jpg","Ykskoytinen. Camp location #4355","photography","https://drive.google.com/open?id=1kmoujJXwq40eNQJxwwCEBH27ZwIbbB3Whg","61.524600","27.970295"
"SV501286-SV501293_1933x600.jpg","Korvensaari. Pieni Puoli camp location (#4292). Bay and pier.","photography","https://drive.google.com/open?id=1BKZprqUfeZGaSLkpAzlivNgkhn2MPkwLiA","61.626610","27.756791"
"SV501294-SV501296_1777x600.jpg","Korvensaari. Pieni Puoli camp location (#4292).","photography","https://drive.google.com/open?id=1MEtfQXD6UTza9D47kaoe7vFtrrjIUkoLNA","61.627839","27.756630"
"SV501298_576x768.jpg","Varkaantaipale channel. Suurlahdentie (4323) bridge.","photography","https://drive.google.com/open?id=1QADDuDuVKqCKqm7xN2hFdVtapc5jafzAWQ","61.483015","27.489021"
"SV501300_576x768.jpg","Varkaantaipale channel. Suurlahdentie (4323) bridge. Watermark.","photography","https://drive.google.com/open?id=1bqy4jOKmeHxr2g81E1QHtQqF8Sa0956kkA","61.481704","27.489965"
"SV501302_576x768.jpg","Kirkkotaipale channel","photography","https://drive.google.com/open?id=1IEVt00-W_cjgWPp10fBEpKzI6w5zSljXHg","61.459199","27.505500"
"SV501303_1024x768.jpg","Kirkkotaipale channel","photography","https://drive.google.com/open?id=1_iU4VTM1mxfiScT_cwIp0vhDLSXaiIvdDg","61.458358","27.501338"
"SV501315-SV501317_1024x624.jpg","Suuri-Metrainen camp location (#4395)","photography","https://drive.google.com/open?id=113IxbgChluGHEoytCrBOuC6COa1ssBt4FA","61.504941","28.144617"
"SV501318_1024x768.jpg","Suuri-Metrainen camp location (#4395)","photography","https://drive.google.com/open?id=1fuO4hvVH3VbbrUVnqfw9J9CjJKsfXt7rmg","61.505033","28.144961"
"SV501319-SV501323_1343x600.jpg","Suuri-Metrainen","photography","https://drive.google.com/open?id=1Wl4LwXmKsBqhcNXck6T8AG9irBlOyglS8A","61.505770","28.144767"
"SV501329_1024x768.jpg","Partalansaari coast artillery","photography","https://drive.google.com/open?id=1rqXGQAMg7Phgmz4k5MmBoLrTpQTBbBTt5g","61.655113","28.466493"
"SV501336_1024x768.jpg","Partalansaari coast artillery","photography","https://drive.google.com/open?id=1A_8OGv8vugfnMYHsVyn_JNxsqB50y1A-iw","61.653784","28.464090"
"SV501338_576x768.jpg","Partalansaari coast artillery","photography","https://drive.google.com/open?id=1foVZ4L05cMqWBG04JwNmAsD41ilX-9dl4A","61.655169","28.465420"
"SV501339_1024x768.jpg","Partalansaari coast artillery","photography","https://drive.google.com/open?id=1hXf3EZr7FM9peI5dAcctgXUikpwYG8tsTw","61.655480","28.466225"
"SV501340_576x768.jpg","Partalansaari coast artillery","photography","https://drive.google.com/open?id=18GYkQjcD-WNe6qxfpPWxN_g53TE4MnNNgw","61.655149","28.467308"
"SV501341_1024x768.jpg","Partalansaari coast artillery","photography","https://drive.google.com/open?id=1X96iyW3NUSXP7HIs-EQx511TkOFFNHl-oQ","61.654634","28.466268"
"SV501342_1024x768.jpg","Partalansaari coast artillery","photography","https://drive.google.com/open?id=1VwU20uiKXiVbn3H_Od1wPQd5gNqcfe5rvA","61.654471","28.467469"
"SV501347_1024x768.jpg","Telataipaleen kanava","photography","https://drive.google.com/open?id=1tNmXPuXXY-ik7FwPK68Sfba658Ij4IGxAA","61.653718","28.600915"
"SV501349-SV501354_1776x600.jpg","Juuvinsaari.  Camp location 4496","photography","https://drive.google.com/open?id=10sVorc5PL4HTNbOZOL4_6prK6sX8Wd2MWA","61.776261","28.711271"
"SV501357_1024x768.jpg","Suuri-Simuna. Camp location.","photography","https://drive.google.com/open?id=1x3DyP9L9u6ALYlUn3DuxFiy-wl1qoqKkUA","61.830391","28.903060"
"SV501358-SV501362_1587x600.jpg","Suuri-Simuna. Camp location.","photography","https://drive.google.com/open?id=1MSXVjUN3n2_at5Q2sK-UpfXOfFRs0kPmEQ","61.830270","28.903918"
"SV501366-SV501368+1024x636.jpg","Lehti-Muuransaari","photography","https://drive.google.com/open?id=1D2Asy5GseAytNRIYFXN7ze425xgFkMSfnw","61.692927","29.252069"
"SV501371-SV501374_1339x600.jpg","NaraanLahti","photography","https://drive.google.com/open?id=1HK-mB52KEubf4K_sMXKoJolRtBzc0Zjv3Q","61.802785","29.625540"
"SV501438-SV501456_4836x656.jpg","Saukansaari winter circular pano","photography","https://drive.google.com/open?id=1pvQqeDHlUtLXUM3L7aGaEIQfTg0-KyEd5w","61.643528","28.983011"
